Animal-Animal ID,Animal-Birth ID,Animal-BW 1-Value,Animal-BW 1-Reliability,Animal-PW-Value,Animal-PW-Reliability,Animal-A2 Status,Animal-Calving Date,Pre-Calving-Expected Calving Date,Dam-Cow No.,Dam-Official ID,Sire-Name,Sire-Sire ID,Calf-Birth Date,Calf-BW 2-Value,Calf-BW 2-Reliability,Calf-Sex
1,HKYM-15-74,214,67,64,68,A2/A2,,06 Sep 2020,,FMD-08-39,LYNBROOK TERRIFIC ET S3J,309084,,,,
2,HKYM-17-79,206,53,155,50,A2/A2,29 Aug 2020,,,HKYM-13-27,WILLAND LT DYNAMO,311029,29 Aug 2020,267,35,F
3,HKYM-13-78,205,59,296,77,A2/A2,24 Aug 2020,,,FMD-11-119,HAYWARDS TGM AIM S3J,308103,24 Aug 2020,,,M
4,HKYM-13-236,179,60,86,77,A2/A2,,,,FMD-11-78,UPLAND PARK TS INDY S3J,311005,,,,
5,HKYM-17-78,213,54,199,50,A2/A2,29 Aug 2020,,323,HKYM-13-124,KELLAND KC SPEEDWAY,309012,29 Aug 2020,,,M
6,WTNG-14-21,198,58,281,69,A2/A2,,08 Oct 2020,,MQVR-11-42,HOWIES CHECKPOINT,508077,,,,
7,HKYM-15-35,220,51,262,67,A2/A2,02 Sep 2020,,90,MQVR-09-25,FREYDAN ISOLA PEDROZA,314524,02 Sep 2020,,,M
8,PQVV-13-80,193,56,340,71,A2/A2,25 Aug 2020,,,HJTQ-10-493,HOWIES CHECKPOINT,508077,25 Aug 2020,261,36,F
9,HKYM-17-59,215,55,331,51,A2/A2,29 Aug 2020,,,FMD-11-3,KELLAND KC SPEEDWAY,309012,29 Aug 2020,260,36,F
10,HKYM-14-206,240,67,261,75,A2/A2,24 Aug 2020,,,FMD-07-50,BONACORD MURMUR BOLT,313016,24 Aug 2020,,,M
11,WTNG-18-50,267,42,275,15,A2/A2,30 Aug 2020,,,FMD-11-223,BRAEDENE PAS TRIPLESTAR,313516,30 Aug 2020,,,M
12,HKYM-18-36,259,42,252,15,A2/A2,11 Aug 2020,,379,HKYM-15-172,BRAEDENE PAS TRIPLESTAR,313516,11 Aug 2020,,,M
13,HKYM-15-149,237,57,250,69,A2/A2,,06 Oct 2020,,FMD-11-25,PUKEROA TGM MANZELLO,308533,,,,
14,PQVV-12-38,167,54,175,71,A2/A2,18 Aug 2020,,,HJTQ-08-299,ARKANS BLOCKBUSTER,511028,18 Aug 2020,,,M
15,PQVV-15-63,192,54,241,64,A2/A2,25 Aug 2020,,,HJTQ-09-19,KELLAND KC SPEEDWAY,309012,25 Aug 2020,249,36,F
16,HKYM-14-49,209,58,223,72,A2/A2,23 Aug 2020,,,FMD-11-223,OKURA LIKA MURMUR S3J,306549,23 Aug 2020,257,37,F
17,HKYM-17-71,248,54,349,42,A2/A2,02 Sep 2020,,,FMD-11-63,LYNBROOK TERRIFIC ET S3J,309084,02 Sep 2020,,,M
18,HKYM-18-45,228,43,222,15,A2/A2,,,133,HKYM-14-134,BONACORD MURMUR BOLT,313016,,,,
19,PQVV-15-18,170,52,146,64,A2/A2,05 Aug 2020,,,HJTQ-09-475,TAWA GROVE KRC TANA,309030,05 Aug 2020,100,13,M
20,HKYM-14-114,214,58,257,72,A2/A2,,05 Sep 2020,,HJTQ-10-137,OKURA LIKA MURMUR S3J,306549,,,,
21,WTNG-18-37,219,43,205,15,A2/A2,26 Aug 2020,,,PKTY-11-29,BONACORD MURMUR BOLT,313016,26 Aug 2020,124,11,F
22,HKYM-14-115,235,58,377,72,A2/A2,,04 Sep 2020,,HJTQ-10-137,OKURA LIKA MURMUR S3J,306549,,,,
23,HKYM-12-135,166,58,216,76,A2/A2,,04 Sep 2020,,MRFT-10-138,UPLAND PARK TS INDY S3J,311005,,,,
24,PQVV-12-48,202,57,321,69,A2/A2,,31 Aug 2020,,HJTQ-03-209,ST PETERS OBSIDIAN,510016,,,,
25,HKYM-17-19,172,54,91,50,A2/A2,28 Aug 2020,,,FMD-11-148,LYNBROOK TERRIFIC ET S3J,309084,28 Aug 2020,244,35,F
26,HKYM-13-158,192,59,223,77,A2/A2,,30 Aug 2020,,FMD-08-24,UPLAND PARK TS INDY S3J,311005,,,,
27,HKYM-15-9,217,58,313,69,A2/A2,,24 Oct 2020,,FMD-08-10,PUKEROA TGM MANZELLO,308533,,,,
28,HKYM-18-102,269,40,230,15,A2/A2,01 Sep 2020,,22,HKYM-14-115,RUANUI TERRIFIC DALAS S3J,316033,01 Sep 2020,,,M
29,HKYM-16-47,179,55,236,57,A2/A2,,31 Aug 2020,,HKYM-13-27,KELLAND KC SPEEDWAY,309012,,,,
30,PQVV-14-56,167,53,307,65,A2/A2,,08 Sep 2020,,HJTQ-08-160,ARKANS PROMOTER,510003,,,,
31,PQVV-14-94,221,57,278,68,A2/A2,24 Aug 2020,,,HJTQ-11-18,HOWIES CHECKPOINT,508077,24 Aug 2020,,,M
32,PQVV-14-78,155,58,212,69,A2/A2,,23 Aug 2020,,HJTQ-08-328,HOWIES CHECKPOINT,508077,,,,
33,HKYM-16-150,253,57,318,63,A2/A2,01 Sep 2020,,97,HKYM-13-180,LYNBROOK TERRIFIC ET S3J,309084,01 Sep 2020,,,M
34,HKYM-16-39,175,56,133,63,A2/A2,31 Aug 2020,,,HKYM-13-85,KELLAND KC SPEEDWAY,309012,31 Aug 2020,,,M
35,HKYM-17-42,204,54,153,42,A2/A2,08 Sep 2020,,,HKYM-13-169,LYNBROOK TERRIFIC ET S3J,309084,08 Sep 2020,,,F
36,HKYM-15-94,215,57,426,69,A2/A2,31 Aug 2020,,,MQVR-10-67,PUKEROA TGM MANZELLO,308533,31 Aug 2020,,,M
37,HKYM-17-40,197,53,277,50,A2/A2,15 Aug 2020,,,HKYM-14-202,KELLAND KC SPEEDWAY,309012,15 Aug 2020,251,36,F
38,HKYM-15-190,270,57,216,69,A2/A2,27 Aug 2020,,,FMD-11-229,OKURA LT INTEGRITY,311013,27 Aug 2020,,,M
40,HKYM-12-121,205,52,273,74,A2/A2,,06 Sep 2020,,FMD-09-152,,FMD-10-186,,,,
41,HKYM-16-48,181,57,144,63,A2/A2,20 Aug 2020,,,FMD-09-59,KELLAND KC SPEEDWAY,309012,20 Aug 2020,,,M
42,HKYM-17-94,194,55,230,50,A2/A2,18 Aug 2020,,,HKYM-13-107,KELLAND KC SPEEDWAY,309012,18 Aug 2020,261,35,F
43,HKYM-18-74,236,43,232,15,A2/A2,19 Aug 2020,,,HKYM-12-124,BONACORD MURMUR BOLT,313016,19 Aug 2020,,,M
44,HKYM-17-4,208,55,131,51,A2/A2,06 Sep 2020,,,HKYM-13-143,LYNBROOK TERRIFIC ET S3J,309084,06 Sep 2020,,,M
45,HKYM-18-52,247,44,238,16,A2/A2,25 Aug 2020,,81,HKYM-14-170,BONACORD MURMUR BOLT,313016,25 Aug 2020,,,M
46,HKYM-15-159,267,56,471,67,A2/A2,,06 Oct 2020,,FMD-11-88,PUKEROA TGM MANZELLO,308533,,,,
47,WTNG-14-11,168,59,190,69,A2/A2,23 Aug 2020,,,MQVR-07-37,HOWIES CHECKPOINT,508077,23 Aug 2020,237,37,F
48,HKYM-14-101,204,57,285,72,A2/A2,,28 Aug 2020,,HJTQ-05-307,PUKEROA TGM MANZELLO,308533,,,,
49,HKYM-14-179,165,57,91,72,A2/A2,15 Aug 2020,,,PKTY-11-15,OKURA LIKA MURMUR S3J,306549,15 Aug 2020,235,37,M
50,HKYM-15-2,292,57,453,69,A2/A2,15 Aug 2020,,,HKYM-13-39,PUKEROA TGM MANZELLO,308533,15 Aug 2020,304,36,M
51,HKYM-16-126,187,57,79,63,A2/A2,,01 Sep 2020,,HJTQ-08-353,LYNBROOK TERRIFIC ET S3J,309084,,,,
52,PQVV-14-53,174,56,217,68,A2/A2,06 Sep 2020,,,HJTQ-11-39,HOWIES CHECKPOINT,508077,06 Sep 2020,254,36,F
53,HKYM-18-65,209,58,224,21,A2/A2,,01 Sep 2020,10,HKYM-14-206,FICHTL 5-STAR SULTAN S3J,313040,,,,
54,HKYM-14-27,197,55,276,70,A2/A2,,09 Sep 2020,,FMD-11-55,PUKEROA TGM MANZELLO,308533,,,,
55,HKYM-17-106,207,54,142,50,A2/A2,,12 Sep 2020,257,HKYM-14-73,PUHIPUHI CAPS GOLDIE S3J,309046,,,,
56,HKYM-14-11,175,58,104,72,A2/A2,,27 Aug 2020,,MQVR-07-59,OKURA LIKA MURMUR S3J,306549,,,,
57,HKYM-13-179,201,60,271,77,A2/A2,,27 Aug 2020,,FMD-05-80,UPLAND PARK TS INDY S3J,311005,,,,
58,HKYM-15-141,212,56,306,66,A2/A2,,03 Sep 2020,,FMD-11-41,LYNBROOK TERRIFIC ET S3J,309084,,,,
59,PQVV-12-83,217,57,320,71,A2/A2,06 Sep 2020,,,HJTQ-08-509,HOWIES CHECKPOINT,508077,06 Sep 2020,261,37,F
60,HKYM-18-91,255,42,263,15,A2/A2,21 Aug 2020,,,FMD-11-178,BRAEDENE PAS TRIPLESTAR,313516,21 Aug 2020,143,10,F
61,HKYM-18-22,201,46,220,16,A2/A2,31 Aug 2020,,,MQVR-10-29,ROMA MURMUR KINGPIN S3J,312501,31 Aug 2020,,,M
62,HKYM-18-75,292,41,295,15,A2/A2,,,,HKYM-14-88,BRAEDENE PAS TRIPLESTAR,313516,,,,
63,HKYM-18-73,250,41,242,15,A2/A2,15 Aug 2020,,,FMD-11-71,BRAEDENE PAS TRIPLESTAR,313516,15 Aug 2020,,,M
64,HKYM-18-80,254,41,264,15,A2/A2,28 Aug 2020,,292,HKYM-15-165,BRAEDENE PAS TRIPLESTAR,313516,28 Aug 2020,,,M
65,HKYM-16-163,201,56,78,63,A2/A2,,23 Aug 2020,,HKYM-12-25,LYNBROOK TERRIFIC ET S3J,309084,,,,
66,HKYM-18-126,257,40,225,15,A2/A2,26 Aug 2020,,,HKYM-15-178,RUANUI TERRIFIC DALAS S3J,316033,26 Aug 2020,144,10,F
68,PQVV-15-77,151,54,140,64,A2/A2,04 Sep 2020,,,HJTQ-09-5,KELLAND KC SPEEDWAY,309012,04 Sep 2020,,,M
69,HKYM-18-19,225,40,215,14,A2/A2,28 Aug 2020,,30,PQVV-14-56,OKURA OLM KAINO ET,313046,28 Aug 2020,,,M
70,WTNG-18-57,214,43,213,15,A2/A2,,,,HKYM-13-92,BONACORD MURMUR BOLT,313016,,,,
71,HKYM-17-15,229,55,236,50,A2/A2,,31 Aug 2020,,FMD-11-178,LYNBROOK TERRIFIC ET S3J,309084,,,,
72,HKYM-18-121,295,42,297,15,A2/A2,03 Sep 2020,,187,HKYM-15-57,BRAEDENE PAS TRIPLESTAR,313516,03 Sep 2020,284,32,F
73,HKYM-13-134,199,59,250,76,A2/A2,02 Sep 2020,,,HJTQ-07-48,UPLAND PARK TS INDY S3J,311005,02 Sep 2020,,,M
74,HKYM-15-194,276,57,435,69,A2/A2,05 Sep 2020,,,HKYM-12-192,PUKEROA TGM MANZELLO,308533,05 Sep 2020,296,36,F
75,FMD-11-213,129,60,102,77,A2/A2,,13 Sep 2020,,FMD-06-70,HAZAELS DELIGHT,510040,,,,
76,HKYM-15-54,199,57,303,69,A2/A2,,,,HKYM-12-93,PUKEROA TGM MANZELLO,308533,,,,
77,HKYM-15-166,249,58,200,69,A2/A2,26 Aug 2020,,,HKYM-12-54,ARRIETA NN DEGREE ET,308583,26 Aug 2020,283,36,F
78,HKYM-18-85,264,42,259,15,A2/A2,25 Aug 2020,,,HKYM-12-139,BRAEDENE PAS TRIPLESTAR,313516,25 Aug 2020,,,M
79,HKYM-18-30,186,43,167,15,A2/A2,28 Aug 2020,,369,MQVR-12-5,BELLS CM CONRAD S2J,312057,28 Aug 2020,,,M
80,HKYM-18-42,257,43,250,15,A2/A2,,,,HKYM-13-160,BONACORD MURMUR BOLT,313016,,,,
81,HKYM-14-170,230,60,245,73,A2/A2,01 Sep 2020,,,FMD-03-77,ARRIETA NN DEGREE ET,308583,01 Sep 2020,,,M
82,HKYM-15-67,241,57,290,67,A2/A2,,,,FMD-11-29,ARRIETA NN DEGREE ET,308583,,,,
83,HKYM-13-32,170,59,186,76,A2/A2,27 Aug 2020,,,FMD-11-45,TE ARANGA PCG JINGO,311027,27 Aug 2020,237,37,F
84,HKYM-18-31,238,42,256,15,A2/A2,16 Aug 2020,,,HKYM-13-169,BRAEDENE PAS TRIPLESTAR,313516,16 Aug 2020,135,11,F
85,HKYM-17-66,235,54,201,50,A2/A2,,26 Aug 2020,,HKYM-14-172,LYNBROOK TERRIFIC ET S3J,309084,,,,
86,MRFT-13-59,199,56,162,69,A2/A2,,05 Sep 2020,,MRFT-07-12,ATHLIAM PACEMAKER,512048,,,,
87,HKYM-14-165,215,57,198,70,A2/A2,,30 Oct 2020,444,FMD-11-70,OKURA LIKA MURMUR S3J,306549,,,,
88,HKYM-18-47,221,41,233,15,A2/A2,19 Aug 2020,,,WTNG-14-3,OKURA OLM KAINO ET,313046,19 Aug 2020,,,M
89,HKYM-18-20,245,44,281,16,A2/A2,23 Aug 2020,,31,PQVV-14-94,OKURA GOLDIE INDEX,312034,23 Aug 2020,138,11,F
90,MQVR-09-25,218,59,449,76,A2/A2,,01 Sep 2020,,HJTQ-06-341,DONALDS EDIFY,304132,,,,
91,HKYM-18-35,251,42,259,15,A2/A2,,,23,HKYM-12-135,BRAEDENE PAS TRIPLESTAR,313516,,,,
92,HKYM-15-4,248,57,332,69,A2/A2,,25 Aug 2020,,HKYM-13-96,PUKEROA TGM MANZELLO,308533,,,,
93,PQVV-13-34,201,57,333,71,A2/A2,23 Aug 2020,,,HJTQ-08-479,HOWIES CHECKPOINT,508077,23 Aug 2020,,,M
94,HKYM-18-43,235,43,252,15,A2/A2,01 Sep 2020,,,HKYM-15-167,BONACORD MURMUR BOLT,313016,01 Sep 2020,,,M
95,HKYM-12-43,207,60,59,76,A2/A2,,19 Aug 2020,,KQMC-08-7,OKURA LT INTEGRITY,311013,,,,
96,HKYM-17-69,177,54,192,50,A2/A2,,20 Aug 2020,83,HKYM-13-32,KELLAND KC SPEEDWAY,309012,,,,
97,HKYM-13-180,211,61,240,77,A2/A2,30 Aug 2020,,,FMD-04-113,PUKEROA TGM MANZELLO,308533,30 Aug 2020,270,37,F
98,HKYM-15-82,206,57,232,69,A2/A2,24 Aug 2020,,,FMD-11-185,PUKEROA TGM MANZELLO,308533,24 Aug 2020,,,M
99,HKYM-17-32,239,56,289,51,A2/A2,30 Aug 2020,,,FMD-09-198,LYNBROOK TERRIFIC ET S3J,309084,30 Aug 2020,284,36,F
100,HKYM-18-28,244,40,263,15,A2/A2,23 Aug 2020,,,HKYM-12-137,BRAEDENE PAS TRIPLESTAR,313516,23 Aug 2020,,,M
101,WTNG-14-49,151,55,73,68,A2/A2,,09 Oct 2020,,MQVR-11-58,HOWIES CHECKPOINT,508077,,,,
102,HKYM-18-83,261,44,282,15,A2/A2,04 Sep 2020,,220,WTNG-15-15,PRIESTS SIERRA,511011,04 Sep 2020,,,M
103,HKYM-13-71,201,63,218,78,A2/A2,,09 Oct 2020,,FMD-05-21,PUKEROA TGM MANZELLO,308533,,,,
104,MQVR-14-5,180,54,218,65,A2/A2,27 Jul 2020,,,HJTQ-07-191,ANNALYSER,509116,27 Jul 2020,291,38,F
105,HKYM-14-185,193,58,223,72,A2/A2,,12 Sep 2020,,HJTQ-08-158,OKURA LIKA MURMUR S3J,306549,,,,
106,HKYM-15-120,216,58,219,69,A2/A2,,,,MQVR-07-59,PUKEROA TGM MANZELLO,308533,,,,
107,HKYM-12-131,150,59,-4,76,A2/A2,,26 Aug 2020,,HJTQ-07-43,CRESCENT MAN DOMINIC ET,307514,,,,
108,HKYM-14-106,229,54,168,69,A2/A2,,31 Aug 2020,,HKYM-12-37,CENTRAL VALLEY GEORGE S3J,308080,,,,
109,HKYM-14-80,208,57,229,71,A2/A2,,27 Oct 2020,219,FMD-11-198,ARRIETA NN DEGREE ET,308583,,,,
110,HKYM-13-63,187,58,201,76,A2/A2,,02 Sep 2020,,HJTQ-10-467,WESTWARD HO BULLSEYE,310040,,,,
111,HKYM-14-181,166,57,50,71,A2/A2,04 Sep 2020,,,MQVR-09-52,PUKEROA TGM MANZELLO,308533,04 Sep 2020,236,37,F
112,HKYM-17-61,215,54,162,50,A2/A2,05 Sep 2020,,23,HKYM-12-135,LYNBROOK TERRIFIC ET S3J,309084,05 Sep 2020,275,35,F
113,HKYM-16-156,217,56,76,63,A2/A2,,13 Sep 2020,,HKYM-12-7,LYNBROOK TERRIFIC ET S3J,309084,,,,
115,PQVV-14-98,192,56,269,67,A2/A2,,09 Oct 2020,,HJTQ-10-502,HOWIES CHECKPOINT,508077,,,,
116,HKYM-15-99,244,66,217,72,A2/A2,,,141,HKYM-12-104,ARRIETA NN DEGREE ET,308583,,,,
117,HKYM-14-213,198,58,176,72,A2/A2,,04 Sep 2020,,FMD-08-126,ARRIETA NN DEGREE ET,308583,,,,
118,PQVV-15-37,197,53,263,64,A2/A2,05 Sep 2020,,,HJTQ-10-134,KELLAND KC SPEEDWAY,309012,05 Sep 2020,,,M
119,HJTQ-11-59,171,54,397,72,A2/A2,22 Aug 2020,,,HJTQ-04-197,BOURKES NN RPM ET,307026,22 Aug 2020,250,35,F
120,PQVV-12-71,160,58,431,72,A2/A2,01 Sep 2020,,,HJTQ-07-82,TANIWHA THUNDERBOLT,510007,01 Sep 2020,,,M
121,PQVV-14-95,137,53,185,66,A2/A2,17 Aug 2020,,,HJTQ-10-9,CUTFORTHS LORD BRIAN,506063,17 Aug 2020,233,35,F
123,PQVV-13-23,201,57,267,71,A2/A2,23 Aug 2020,,,HJTQ-10-132,ASHVALES DOUBLESHOT,512010,23 Aug 2020,,,M
124,HKYM-14-186,201,69,66,75,A2/A2,03 Sep 2020,,,FMD-05-89,KELLAND KC SPEEDWAY,309012,03 Sep 2020,253,40,M
125,MQVR-14-35,211,57,448,68,A2/A2,,26 Aug 2020,,MQVR-09-77,HOWIES CHECKPOINT,508077,,,,
126,HKYM-17-44,200,54,140,50,A2/A2,22 Aug 2020,,,HJTQ-10-181,LYNBROOK GG QUICKSILVER,312059,22 Aug 2020,,,M
127,PQVV-13-94,171,56,374,71,A2/A2,02 Sep 2020,,,HJTQ-03-104,AMBROSE SUPER STAN,509047,02 Sep 2020,101,14,F
128,HKYM-16-140,245,57,355,63,A2/A2,,27 Oct 2020,452,HKYM-12-39,LYNBROOK TERRIFIC ET S3J,309084,,,,
129,PQVV-14-36,195,56,309,64,A2/A2,,02 Sep 2020,,HJTQ-08-494,HOWIES CHECKPOINT,508077,,,,
130,HKYM-14-187,172,68,100,75,A2/A2,,12 Sep 2020,,FMD-08-39,LYNBROOK TERRIFIC ET S3J,309084,,,,
131,HKYM-15-201,206,56,286,68,A2/A2,,15 Sep 2020,,FMD-11-186,PUKEROA TGM MANZELLO,308533,,,,
132,PQVV-14-79,180,57,382,68,A2/A2,24 Aug 2020,,,HJTQ-11-120,HOWIES CHECKPOINT,508077,24 Aug 2020,113,14,F
133,HKYM-14-134,191,59,169,72,A2/A2,25 Aug 2020,,,JYTY-06-8,ARRIETA NN DEGREE ET,308583,25 Aug 2020,,,M
134,PQVV-15-27,229,52,351,63,A2/A2,02 Sep 2020,,,PQVV-12-95,WILLAND SIA DUETTO,310034,02 Sep 2020,267,35,F
135,HKYM-18-95,231,43,248,15,A2/A2,29 Aug 2020,,136,HKYM-12-74,BONACORD MURMUR BOLT,313016,29 Aug 2020,,,M
136,HKYM-12-74,198,59,264,76,A2/A2,22 Aug 2020,,,LKCT-04-39,BRAEMARK BULLION,511004,22 Aug 2020,252,37,F
137,HKYM-15-157,209,56,107,67,A2/A2,27 Jul 2020,,,FMD-11-187,ARRIETA NN DEGREE ET,308583,27 Jul 2020,303,36,F
138,WTNG-18-5,207,48,174,17,A2/A2,16 Aug 2020,,,MQVR-10-35,ROMA MURMUR KINGPIN S3J,312501,16 Aug 2020,119,12,F
140,HKYM-18-114,222,44,224,16,A2/A2,01 Sep 2020,,452,HKYM-12-39,BONACORD MURMUR BOLT,313016,01 Sep 2020,127,11,F
141,HKYM-12-104,225,59,521,73,A2/A2,,,,MQVR-10-29,LYNBROOK HTA TRIUMPH ET,310058,,,,
142,WTNG-18-9,235,42,228,15,A2/A2,16 Aug 2020,,,HKYM-14-93,BONACORD MURMUR BOLT,313016,16 Aug 2020,,,M
143,HKYM-16-16,199,56,245,63,A2/A2,,25 Oct 2020,103,HKYM-13-71,KELLAND KC SPEEDWAY,309012,,,,
144,PQVV-12-26,157,56,259,71,A2/A2,29 Aug 2020,,,HJTQ-07-1,ARKANS BLOCKBUSTER,511028,29 Aug 2020,,,M
145,HKYM-14-156,245,57,359,72,A2/A2,,25 Aug 2020,,FMD-11-190,PUKEROA TGM MANZELLO,308533,,,,
146,HKYM-17-76,224,52,222,49,A2/A2,15 Aug 2020,,,HKYM-12-75,WILLAND LT DYNAMO,311029,15 Aug 2020,270,35,M
147,HKYM-17-63,236,52,311,49,A2/A2,,31 Aug 2020,,HKYM-12-137,LYNBROOK GG QUICKSILVER,312059,,,,
148,WTNG-17-5,125,54,66,50,A2/A2,26 Aug 2020,,,MQVR-08-3,DRYSDALES SOVEREIGN,511051,26 Aug 2020,,,M
149,PQVV-12-20,190,57,291,72,A2/A2,,09 Sep 2020,,HJTQ-07-230,ST PETERS OBSIDIAN,510016,,,,
150,PQVV-14-10,187,57,308,68,A2/A2,,28 Oct 2020,,HJTQ-05-258,HOWIES CHECKPOINT,508077,,,,
151,HKYM-13-111,216,59,345,76,A2/A2,,,,MQVR-10-29,HAYWARDS TGM AIM S3J,308103,,,,
152,HKYM-14-39,210,58,216,72,A2/A2,,07 Oct 2020,,FMD-11-9,PUKEROA TGM MANZELLO,308533,,,,
153,WTNG-14-60,172,57,271,66,A2/A2,,23 Aug 2020,,MQVR-08-63,HOWIES CHECKPOINT,508077,,,,
154,HKYM-15-18,242,58,237,69,A2/A2,,07 Oct 2020,,HKYM-13-18,PUKEROA TGM MANZELLO,308533,,,,
155,HKYM-16-80,218,56,151,63,A2/A2,,,,HKYM-13-51,KELLAND KC SPEEDWAY,309012,,,,
156,HKYM-18-113,224,42,197,15,A2/A2,11 Aug 2020,,,FMD-08-22,RUANUI TERRIFIC DALAS S3J,316033,11 Aug 2020,,,M
157,HKYM-18-115,214,43,192,15,A2/A2,01 Sep 2020,,,FMD-11-49,BONACORD MURMUR BOLT,313016,01 Sep 2020,,,M
158,HKYM-15-110,198,57,161,67,A2/A2,,02 Sep 2020,,PKTY-11-20,ARRIETA NN DEGREE ET,308583,,,,
159,HKYM-18-3,287,41,293,15,A2/A2,26 Aug 2020,,13,HKYM-15-149,BRAEDENE PAS TRIPLESTAR,313516,26 Aug 2020,,,M
160,WTNG-18-35,228,43,223,16,A2/A2,20 Aug 2020,,,HKYM-13-162,BONACORD MURMUR BOLT,313016,20 Aug 2020,129,11,F
161,HKYM-18-116,290,40,263,15,A2/A2,25 Aug 2020,,74,HKYM-15-194,RUANUI TERRIFIC DALAS S3J,316033,25 Aug 2020,281,31,F
162,HKYM-16-133,211,56,312,63,A2/A2,29 Aug 2020,,249,HJTQ-10-454,LYNBROOK TERRIFIC ET S3J,309084,29 Aug 2020,,,M
163,HKYM-16-148,255,57,267,64,A2/A2,17 Aug 2020,,237,HKYM-13-131,LYNBROOK TERRIFIC ET S3J,309084,17 Aug 2020,280,37,M
164,HKYM-18-99,246,43,252,15,A2/A2,01 Sep 2020,,273,HKYM-15-15,BONACORD MURMUR BOLT,313016,01 Sep 2020,,,M
165,WTNG-18-10,259,42,254,15,A2/A2,05 Sep 2020,,,HKYM-14-210,BRAEDENE PAS TRIPLESTAR,313516,05 Sep 2020,,,M
166,HKYM-18-77,242,43,261,15,A2/A2,26 Aug 2020,,341,MQVR-13-55,BONACORD MURMUR BOLT,313016,26 Aug 2020,,,M
167,HKYM-17-108,180,53,168,50,A2/A2,18 Aug 2020,,275,HKYM-14-97,BELLS CM CONRAD S2J,312057,18 Aug 2020,,,M
168,HKYM-18-58,236,43,232,15,A2/A2,,,,HKYM-13-233,BONACORD MURMUR BOLT,313016,,,,
169,WTNG-13-50,170,53,256,72,A2/A2,01 Sep 2020,,,MQVR-08-49,HOWIES CHECKPOINT,508077,01 Sep 2020,243,35,F
170,HKYM-18-131,216,43,210,15,A2/A2,03 Sep 2020,,275,HKYM-14-97,BONACORD MURMUR BOLT,313016,03 Sep 2020,,,M
171,WTNG-12-11,192,58,205,75,A2/A2,27 Aug 2020,,,HJTQ-06-324,HOWIES CHECKPOINT,508077,27 Aug 2020,260,36,F
172,HKYM-15-139,228,57,162,69,A2/A2,28 Aug 2020,,,HKYM-12-75,ARRIETA NN DEGREE ET,308583,28 Aug 2020,272,36,F
173,WTNG-12-46,228,60,303,75,A2/A2,20 Aug 2020,,,HJTQ-06-319,HOWIES CHECKPOINT,508077,20 Aug 2020,278,37,F
174,WTNG-14-67,189,56,177,71,A2/A2,03 Sep 2020,,,HJTQ-08-176,HOWIES CHECKPOINT,508077,03 Sep 2020,,,M
175,HKYM-15-177,231,58,285,69,A2/A2,20 Aug 2020,,,HKYM-12-116,PUKEROA TGM MANZELLO,308533,20 Aug 2020,,,M
176,WTNG-12-6,181,59,237,75,A2/A2,,01 Sep 2020,,GDQD-04-2,HOWIES CHECKPOINT,508077,,,,
178,HKYM-18-82,234,44,219,16,A2/A2,,,,HKYM-13-185,BONACORD MURMUR BOLT,313016,,,,
179,HKYM-14-41,243,66,346,72,A2/A2,02 Sep 2020,,,FMD-07-50,BONACORD MURMUR BOLT,313016,02 Sep 2020,283,30,F
180,HKYM-17-91,162,54,89,50,A2/A2,03 Sep 2020,,,HKYM-12-86,KELLAND KC SPEEDWAY,309012,03 Sep 2020,233,36,F
181,WTNG-13-61,130,58,258,74,A2/A2,14 Aug 2020,,,MQVR-10-53,WARDS INTENSITY,512011,14 Aug 2020,218,37,F
183,HKYM-17-109,257,56,453,51,A2/A2,20 Aug 2020,,130,HKYM-14-187,PUKETAWA AD SUPERSTITION,310507,20 Aug 2020,293,36,F
184,WTNG-15-14,221,57,350,68,A2/A2,,22 Aug 2020,,WTNG-13-67,CENTRAL VALLEY GEORGE S3J,308080,,,,
185,HKYM-17-54,199,53,226,50,A2/A2,,,109,HKYM-14-80,KELLAND KC SPEEDWAY,309012,,,,
186,HKYM-14-174,231,57,312,72,A2/A2,,24 Aug 2020,,FMD-07-79,PUKEROA TGM MANZELLO,308533,,,,
187,HKYM-15-57,255,57,323,69,A2/A2,,31 Aug 2020,,HKYM-13-127,PUKEROA TGM MANZELLO,308533,,,,
188,HKYM-17-27,232,54,156,50,A2/A2,28 Aug 2020,,105,HKYM-14-185,LYNBROOK TERRIFIC ET S3J,309084,28 Aug 2020,,,M
189,WTNG-15-9,206,56,175,67,A2/A2,24 Aug 2020,,,WTNG-13-2,CENTRAL VALLEY GEORGE S3J,308080,24 Aug 2020,,,M
191,HKYM-15-69,212,56,180,69,A2/A2,24 Aug 2020,,,HKYM-12-126,PUKEROA TGM MANZELLO,308533,24 Aug 2020,,,M
192,WTNG-15-46,253,56,337,68,A2/A2,,07 Oct 2020,255,WTNG-12-5,ARRIETA NN DEGREE ET,308583,,,,
193,HKYM-18-11,218,42,211,15,A2/A2,17 Aug 2020,,,HKYM-14-19,BONACORD MURMUR BOLT,313016,17 Aug 2020,,,M
194,HKYM-18-90,248,44,270,15,A2/A2,16 Aug 2020,,218,WTNG-14-9,PRIESTS SIERRA,511011,16 Aug 2020,147,11,F
195,WTNG-15-7,172,57,226,68,A2/A2,24 Aug 2020,,,FMD-11-158,PUKEROA TGM MANZELLO,308533,24 Aug 2020,,,M
196,HKYM-14-51,221,57,114,72,A2/A2,08 Sep 2020,,,FMD-11-121,ARRIETA NN DEGREE ET,308583,08 Sep 2020,,,M
198,WTNG-15-65,204,56,265,68,A2/A2,,14 Sep 2020,,MQVR-09-71,PUKEROA TGM MANZELLO,308533,,,,
199,HKYM-12-69,224,61,240,76,A2/A2,30 Aug 2020,,,FMD-04-137,FOXTON NN FROSTY S3J,309039,30 Aug 2020,,,M
200,HKYM-16-19,225,55,363,59,A2/A2,,01 Sep 2020,,PKTY-11-50,LYNBROOK TERRIFIC ET S3J,309084,,,,
201,HKYM-18-130,254,40,235,15,A2/A2,30 Aug 2020,,3,HKYM-13-78,RUANUI TERRIFIC DALAS S3J,316033,30 Aug 2020,,,M
202,HKYM-15-131,233,55,324,68,A2/A2,,,,FMD-11-135,BONACORD MURMUR BOLT,313016,,,,
203,WTNG-15-30,180,56,242,68,A2/A2,,28 Aug 2020,,MQVR-07-39,HOWIES CHECKPOINT,508077,,,,
204,HKYM-18-84,276,42,287,15,A2/A2,,,27,HKYM-15-9,BRAEDENE PAS TRIPLESTAR,313516,,,,
205,HKYM-14-77,114,66,124,74,A2/A2,,06 Sep 2020,,FMD-11-166,LYNBROOK TGM TANGO S3J,308083,,,,
206,WTNG-15-76,167,56,295,68,A2/A2,,29 Oct 2020,,MQVR-09-79,ARRIETA NN DEGREE ET,308583,,,,
207,HKYM-16-84,198,56,290,63,A2/A2,31 Aug 2020,,,HKYM-12-67,KELLAND KC SPEEDWAY,309012,31 Aug 2020,251,36,F
208,HKYM-18-29,227,41,219,15,A2/A2,26 Aug 2020,,,HKYM-12-36,BRAEDENE PAS TRIPLESTAR,313516,26 Aug 2020,,,M
209,HKYM-15-44,211,57,77,69,A2/A2,17 Aug 2020,,234,HKYM-13-20,PUKEROA TGM MANZELLO,308533,17 Aug 2020,,,M
210,WTNG-18-70,254,45,257,16,A2/A2,16 Aug 2020,,,HKYM-15-126,BONACORD MURMUR BOLT,313016,16 Aug 2020,,,M
211,HKYM-16-147,186,56,26,63,A2/A2,,02 Sep 2020,,HKYM-12-36,LYNBROOK TERRIFIC ET S3J,309084,,,,
212,HKYM-14-32,255,67,386,75,A2/A2,27 Aug 2020,,,FMD-07-50,BONACORD MURMUR BOLT,313016,27 Aug 2020,,,M
213,HKYM-14-38,241,57,52,72,A2/A2,23 Aug 2020,,,HMMT-09-21,OKURA LT INTEGRITY,311013,23 Aug 2020,285,36,F
214,HKYM-13-41,179,68,295,80,A2/A2,05 Sep 2020,,,FMD-09-31,MARSDEN NN ELICIT ET,308500,05 Sep 2020,,,M
215,WTNG-15-22,197,57,194,68,A2/A2,,14 Aug 2020,,MQVR-09-31,HOWIES CHECKPOINT,508077,,,,
216,HKYM-17-111,217,55,266,50,A2/A2,22 Aug 2020,,,HKYM-13-144,OKURA LIKA MURMUR S3J,306549,22 Aug 2020,261,36,F
217,HKYM-14-22,204,60,52,71,A2/A2,29 Aug 2020,,,MQVR-10-75,LYNBROOK TERRIFIC ET S3J,309084,29 Aug 2020,260,37,F
218,WTNG-14-9,218,57,368,70,A2/A2,28 Aug 2020,,,HJTQ-06-341,HOWIES CHECKPOINT,508077,28 Aug 2020,267,36,F
219,FMD-11-198,124,59,123,77,A2/A2,29 Aug 2020,,,HXRQ-03-176,LENSSENS ENTICER,510042,29 Aug 2020,220,36,F
220,WTNG-15-15,243,57,293,66,A2/A2,,,,WTNG-13-49,CENTRAL VALLEY GEORGE S3J,308080,,,,
221,HKYM-14-197,175,56,147,70,A2/A2,,23 Aug 2020,,FMD-11-5,OKURA LIKA MURMUR S3J,306549,,,,
222,WTNG-18-39,239,43,236,15,A2/A2,02 Sep 2020,,,PKTY-11-54,BONACORD MURMUR BOLT,313016,02 Sep 2020,,,M
223,HKYM-18-40,237,43,255,15,A2/A2,31 Aug 2020,,,MQVR-12-17,BONACORD MURMUR BOLT,313016,31 Aug 2020,,,M
224,WTNG-18-49,245,43,236,15,A2/A2,02 Sep 2020,,,HKYM-14-158,BONACORD MURMUR BOLT,313016,02 Sep 2020,,,M
225,WTNG-18-61,252,42,262,16,A2/A2,29 Aug 2020,,,HKYM-13-173,BRAEDENE PAS TRIPLESTAR,313516,29 Aug 2020,141,11,F
226,WTNG-15-42,205,56,312,68,A2/A2,,10 Sep 2020,,MQVR-08-73,HOWIES CHECKPOINT,508077,,,,
227,HKYM-16-63,208,55,242,59,A2/A2,,,,MQVR-10-75,FREYDAN GOLDIE PRESELY ET,311536,,,,
228,HKYM-14-59,184,68,121,76,A2/A2,20 Aug 2020,,,FMD-07-50,KELLAND KC SPEEDWAY,309012,20 Aug 2020,,,M
229,HKYM-17-65,196,52,164,49,A2/A2,,06 Sep 2020,,HJTQ-07-496,WILLAND LT DYNAMO,311029,,,,
230,HKYM-14-152,164,58,164,71,A2/A2,,07 Sep 2020,,FMD-08-120,OKURA LIKA MURMUR S3J,306549,,,,
232,WTNG-14-45,193,57,267,68,A2/A2,06 Sep 2020,,,MQVR-08-78,HOWIES CHECKPOINT,508077,06 Sep 2020,,,M
233,HKYM-14-1,244,68,239,76,A2/A2,15 Aug 2020,,,FMD-08-137,PUKEROA TGM MANZELLO,308533,15 Aug 2020,280,39,F
234,HKYM-13-20,194,61,262,77,A2/A2,20 Aug 2020,,,FMD-11-91,TE ARANGA PCG JINGO,311027,20 Aug 2020,261,37,F
235,HKYM-14-42,267,67,425,73,A2/A2,,,,FMD-07-50,BONACORD MURMUR BOLT,313016,,,,
236,HKYM-15-34,186,56,69,67,A2/A2,,02 Sep 2020,,HKYM-13-74,PUKEROA TGM MANZELLO,308533,,,,
237,HKYM-13-131,227,62,343,78,A2/A2,23 Aug 2020,,,CNGW-06-37,UPLAND PARK TS INDY S3J,311005,23 Aug 2020,,,M
238,HKYM-15-199,263,56,277,68,A2/A2,,,,FMD-11-31,OKURA LT INTEGRITY,311013,,,,
239,WTNG-15-21,223,56,301,67,A2/A2,,11 Sep 2020,,WTNG-13-46,CENTRAL VALLEY GEORGE S3J,308080,,,,
240,HKYM-17-20,240,54,307,50,A2/A2,26 Aug 2020,,269,HKYM-13-137,LYNBROOK TERRIFIC ET S3J,309084,26 Aug 2020,285,35,F
241,WTNG-13-13,199,56,225,73,A2/A2,25 Aug 2020,,,MQVR-07-62,HOWIES CHECKPOINT,508077,25 Aug 2020,263,36,F
242,WTNG-13-22,208,61,209,74,A2/A2,,01 Sep 2020,,MRFT-07-74,HOWIES CHECKPOINT,508077,,,,
243,WTNG-15-28,200,55,235,67,A2/A2,26 Aug 2020,,,WTNG-13-6,CENTRAL VALLEY GEORGE S3J,308080,26 Aug 2020,,,M
244,HKYM-15-146,219,56,238,69,A2/A2,24 Aug 2020,,,FMD-11-40,PUKEROA TGM MANZELLO,308533,24 Aug 2020,,,M
245,HKYM-18-44,299,41,303,15,A2/A2,01 Sep 2020,,238,HKYM-15-199,BRAEDENE PAS TRIPLESTAR,313516,01 Sep 2020,,,M
246,HKYM-16-138,209,56,131,63,A2/A2,16 Aug 2020,,,FMD-11-12,LYNBROOK TERRIFIC ET S3J,309084,16 Aug 2020,257,36,M
247,WTNG-15-1,197,57,86,68,A2/A2,,06 Sep 2020,,FMD-11-39,PUKEROA TGM MANZELLO,308533,,,,
248,HKYM-17-55,179,54,196,50,A2/A2,,26 Oct 2020,,HKYM-13-184,KELLAND KC SPEEDWAY,309012,,,,
249,HJTQ-10-454,113,60,133,77,A2/A2,28 Aug 2020,,,MQVR-07-64,GREENPARK OM TARGET,306041,28 Aug 2020,,,M
250,WTNG-15-47,202,51,286,66,A2/A2,30 Aug 2020,,,WTNG-12-36,GLENUI MARRAKECH COLT JG,314536,30 Aug 2020,,,M
251,WTNG-18-54,272,41,278,15,A2/A2,23 Aug 2020,,,HKYM-15-103,BRAEDENE PAS TRIPLESTAR,313516,23 Aug 2020,152,10,F
252,HKYM-15-188,196,57,96,67,A2/A2,26 Aug 2020,,,FMD-08-69,ARRIETA NN DEGREE ET,308583,26 Aug 2020,,,M
253,HKYM-18-123,250,40,209,15,A2/A2,25 Aug 2020,,305,HKYM-14-164,RUANUI TERRIFIC DALAS S3J,316033,25 Aug 2020,140,10,F
254,WTNG-13-34,179,60,325,74,A2/A2,26 Aug 2020,,,MQVR-08-3,HOWIES CHECKPOINT,508077,26 Aug 2020,242,37,F
255,WTNG-12-5,199,60,313,75,A2/A2,,25 Aug 2020,,HJTQ-06-388,ST PETERS OBSIDIAN,510016,,,,
256,HKYM-16-97,166,56,177,63,A2/A2,22 Aug 2020,,,HKYM-12-86,KELLAND KC SPEEDWAY,309012,22 Aug 2020,,,M
257,HKYM-14-73,170,58,235,72,A2/A2,,01 Sep 2020,,HJTQ-09-490,OKURA LIKA MURMUR S3J,306549,,,,
258,HKYM-18-55,234,44,204,16,A2/A2,02 Sep 2020,,217,HKYM-14-22,BONACORD MURMUR BOLT,313016,02 Sep 2020,,,M
259,WTNG-13-24,200,59,239,74,A2/A2,25 Aug 2020,,,MQVR-08-23,HOWIES CHECKPOINT,508077,25 Aug 2020,,,M
261,HKYM-13-123,215,59,235,74,A2/A2,,06 Sep 2020,,FMD-08-70,PUKEROA TGM MANZELLO,308533,,,,
262,WTNG-13-25,197,57,351,74,A2/A2,,05 Sep 2020,,HJTQ-06-388,HOWIES CHECKPOINT,508077,,,,
263,WTNG-14-32,208,54,334,70,A2/A2,31 Aug 2020,,,MQVR-07-62,HOWIES CHECKPOINT,508077,31 Aug 2020,257,36,F
264,HKYM-15-45,208,56,270,65,A2/A2,31 Jul 2020,,,MQVR-10-4,PUKEROA TGM MANZELLO,308533,31 Jul 2020,291,38,M
265,WTNG-13-59,203,57,211,73,A2/A2,,28 Aug 2020,,MQVR-09-28,HOWIES CHECKPOINT,508077,,,,
266,HKYM-16-37,162,55,207,63,A2/A2,,25 Oct 2020,,FMD-11-41,KELLAND KC SPEEDWAY,309012,,,,
267,MRFT-14-82,208,57,319,69,A2/A2,,31 Aug 2020,,MRFT-10-43,HOWIES CHECKPOINT,508077,,,,
268,WTNG-14-35,204,57,254,70,A2/A2,,31 Aug 2020,,MQVR-11-17,HOWIES CHECKPOINT,508077,,,,
269,HKYM-13-137,186,58,165,76,A2/A2,18 Aug 2020,,,HJTQ-07-197,UPLAND PARK TS INDY S3J,311005,18 Aug 2020,258,36,F
270,HKYM-15-40,211,57,259,69,A2/A2,,,,HKYM-13-30,PUKEROA TGM MANZELLO,308533,,,,
271,WTNG-14-16,206,58,292,71,A2/A2,04 Sep 2020,,,MQVR-09-28,HOWIES CHECKPOINT,508077,04 Sep 2020,270,36,F
272,WTNG-15-40,225,55,230,65,A2/A2,30 Aug 2020,,,WTNG-12-4,PUKEROA TGM MANZELLO,308533,30 Aug 2020,,,M
273,HKYM-15-15,228,57,310,67,A2/A2,07 Sep 2020,,,HKYM-13-184,PUKEROA TGM MANZELLO,308533,07 Sep 2020,,,M
274,WTNG-15-33,198,57,367,66,A2/A2,,04 Sep 2020,,MQVR-08-11,HOWIES CHECKPOINT,508077,,,,
275,HKYM-14-97,165,59,70,71,A2/A2,,10 Sep 2020,,HJTQ-10-181,PUKEROA TGM MANZELLO,308533,,,,
276,HKYM-18-69,252,43,234,15,A2/A2,07 Sep 2020,,213,HKYM-14-38,BONACORD MURMUR BOLT,313016,07 Sep 2020,,,M
277,HKYM-16-91,193,56,420,63,A2/A2,03 Sep 2020,,,PKTY-11-20,KELLAND KC SPEEDWAY,309012,03 Sep 2020,264,35,F
278,WTNG-15-16,239,51,279,64,A2/A2,02 Sep 2020,,299,WTNG-13-53,CENTRAL VALLEY GEORGE S3J,308080,02 Sep 2020,,,M
279,HKYM-17-51,206,54,238,50,A2/A2,25 Aug 2020,,,FMD-11-160,LYNBROOK TERRIFIC ET S3J,309084,25 Aug 2020,,,M
280,WTNG-15-78,197,57,343,68,A2/A2,,,,MQVR-10-53,ARRIETA NN DEGREE ET,308583,,,,
281,HKYM-16-149,224,55,324,63,A2/A2,,31 Aug 2020,,HJTQ-07-496,LYNBROOK TERRIFIC ET S3J,309084,,,,
282,HKYM-17-56,220,55,203,50,A2/A2,,08 Oct 2020,,HKYM-13-80,LYNBROOK TERRIFIC ET S3J,309084,,,,
283,WTNG-15-35,214,57,238,68,A2/A2,,19 Aug 2020,,WTNG-12-31,PUKEROA TGM MANZELLO,308533,,,,
284,MQVR-11-11,181,59,282,74,A2/A2,23 Aug 2020,,,FVVY-04-182,GLENHAVEN TGM GENIUS S3J,306016,23 Aug 2020,,,M
285,HKYM-16-105,245,54,218,62,A2/A2,01 Sep 2020,,199,HKYM-12-69,LYNBROOK TERRIFIC ET S3J,309084,01 Sep 2020,,,M
286,HKYM-16-161,238,56,198,59,A2/A2,,08 Oct 2020,,FMD-11-36,LYNBROOK TERRIFIC ET S3J,309084,,,,
287,HKYM-14-15,176,68,55,71,A2/A2,,23 Aug 2020,,FMD-07-50,KELLAND KC SPEEDWAY,309012,,,,
288,WTNG-15-62,204,57,286,68,A2/A2,06 Sep 2020,,,WTNG-12-9,PUKEROA TGM MANZELLO,308533,06 Sep 2020,255,37,F
289,HKYM-18-39,260,43,252,15,A2/A2,20 Aug 2020,,338,HKYM-14-44,BONACORD MURMUR BOLT,313016,20 Aug 2020,145,11,F
290,WTNG-15-71,197,51,299,66,A2/A2,,30 Aug 2020,,WTNG-12-80,HAYWARDS TGM AIM S3J,308103,,,,
291,MQVR-11-59,176,59,328,75,A2/A2,23 Aug 2020,,,BJGF-04-12,GLENHAVEN TGM GENIUS S3J,306016,23 Aug 2020,253,36,F
292,HKYM-15-165,173,57,134,69,A2/A2,,27 Aug 2020,,FMD-11-194,PUKEROA TGM MANZELLO,308533,,,,
293,WTNG-14-22,156,58,146,71,A2/A2,28 Aug 2020,,,MQVR-09-57,HOWIES CHECKPOINT,508077,28 Aug 2020,236,36,F
294,HKYM-17-88,209,54,262,50,A2/A2,,07 Oct 2020,444,FMD-11-70,KELLAND KC SPEEDWAY,309012,,,,
295,HKYM-14-21,227,58,265,71,A2/A2,26 Aug 2020,,,FMD-11-229,OKURA LIKA MURMUR S3J,306549,26 Aug 2020,,,M
296,HKYM-13-108,156,58,172,76,A2/A2,,26 Oct 2020,,HJTQ-06-85,WESTWARD HO BULLSEYE,310040,,,,
297,WTNG-15-18,232,57,264,68,A2/A2,03 Sep 2020,,,WTNG-13-33,CENTRAL VALLEY GEORGE S3J,308080,03 Sep 2020,269,37,F
298,WTNG-15-10,174,56,224,68,A2/A2,21 Aug 2020,,,MQVR-09-30,HOWIES CHECKPOINT,508077,21 Aug 2020,,,M
299,WTNG-13-53,197,38,431,68,A2/A2,25 Aug 2020,,,HJTQ-06-319,,,25 Aug 2020,251,32,F
300,HKYM-14-175,182,59,169,72,A2/A2,27 Aug 2020,,,FMD-08-130,OKURA LIKA MURMUR S3J,306549,27 Aug 2020,243,37,F
301,WTNG-12-8,148,39,228,69,A2/A2,28 Aug 2020,,,MRFT-07-74,,,28 Aug 2020,,,M
302,WTNG-15-64,173,56,398,67,A2/A2,24 Aug 2020,,,WTNG-12-41,HAYWARDS TGM AIM S3J,308103,24 Aug 2020,,,M
303,WTNG-15-24,225,57,291,68,A2/A2,18 Aug 2020,,284,MQVR-11-11,HOWIES CHECKPOINT,508077,18 Aug 2020,277,36,F
304,WTNG-18-38,212,43,209,15,A2/A2,04 Sep 2020,,,FMD-08-64,BONACORD MURMUR BOLT,313016,04 Sep 2020,,,M
305,HKYM-14-164,196,58,332,72,A2/A2,,07 Sep 2020,,FMD-08-57,OKURA LIKA MURMUR S3J,306549,,,,
306,HKYM-16-1,209,56,43,63,A2/A2,,26 Oct 2020,217,HKYM-14-22,PUHIPUHI CAPS GOLDIE S3J,309046,,,,
307,HKYM-18-129,262,38,229,14,A2/A2,,,7,HKYM-15-35,RUANUI TERRIFIC DALAS S3J,316033,,,,
308,HKYM-16-8,257,64,231,66,A2/A2,10 Aug 2020,,217,HKYM-14-22,FREYDAN GOLDIE PRESELY ET,311536,10 Aug 2020,281,38,F
309,WTNG-12-18,201,57,295,75,A2/A2,,03 Sep 2020,,HJTQ-10-99,FOXTON NN FROSTY S3J,309039,,,,
310,HKYM-15-25,253,57,195,69,A2/A2,08 Sep 2020,,,HKYM-13-51,PUKEROA TGM MANZELLO,308533,08 Sep 2020,,,F
311,WTNG-14-61,173,57,193,71,A2/A2,05 Sep 2020,,,MQVR-11-7,HOWIES CHECKPOINT,508077,05 Sep 2020,254,36,F
312,WTNG-14-6,235,58,399,71,A2/A2,25 Aug 2020,,291,MQVR-11-59,HOWIES CHECKPOINT,508077,25 Aug 2020,282,36,F
313,WTNG-14-8,166,55,191,68,A2/A2,02 Aug 2020,,,MQVR-11-78,HOWIES CHECKPOINT,508077,02 Aug 2020,303,36,M
314,WTNG-15-12,189,58,277,68,A2/A2,,09 Oct 2020,,FMD-09-90,ARRIETA NN DEGREE ET,308583,,,,
315,HKYM-17-80,219,52,195,49,A2/A2,,28 Aug 2020,,HKYM-12-163,WILLAND LT DYNAMO,311029,,,,
316,HKYM-18-64,228,60,187,21,A2/A2,13 Aug 2020,,1,HKYM-15-74,BELLS CM CONRAD S2J,312057,13 Aug 2020,129,15,F
317,WTNG-12-84,201,58,298,75,A2/A2,,28 Aug 2020,,MQVR-08-59,HOWIES CHECKPOINT,508077,,,,
319,HKYM-18-93,227,43,222,15,A2/A2,,,,FMD-11-109,BONACORD MURMUR BOLT,313016,,,,
320,HKYM-13-167,197,59,257,77,A2/A2,04 Sep 2020,,,PTV-06-48,HAYWARDS TGM AIM S3J,308103,04 Sep 2020,251,37,F
321,MQVR-15-29,212,52,270,63,A2/A2,,25 Aug 2020,,HJTQ-09-344,PUKEROA TGM MANZELLO,308533,,,,
322,HKYM-12-138,202,58,248,76,A2/A2,,04 Sep 2020,,HJTQ-05-58,OKURA LIKA MURMUR S3J,306549,,,,
323,HKYM-13-124,244,60,263,77,A2/A2,,05 Sep 2020,,HJTQ-07-277,OKURA LT INTEGRITY,311013,,,,
324,HKYM-18-81,221,42,235,15,A2/A2,28 Aug 2020,,120,PQVV-12-71,OKURA OLM KAINO ET,313046,28 Aug 2020,,,M
325,MQVR-13-63,166,58,197,72,A2/A2,30 Aug 2020,,,MRFT-10-9,HOWIES CHECKPOINT,508077,30 Aug 2020,,,M
326,HKYM-17-39,197,54,157,50,A2/A2,29 Aug 2020,,219,FMD-11-198,LYNBROOK TERRIFIC ET S3J,309084,29 Aug 2020,,,M
327,HKYM-17-93,221,55,342,50,A2/A2,29 Aug 2020,,,PKTY-11-43,LYNBROOK TERRIFIC ET S3J,309084,29 Aug 2020,275,35,F
328,HKYM-17-23,224,55,171,50,A2/A2,,,,FMD-11-29,LYNBROOK TERRIFIC ET S3J,309084,,,,
329,MQVR-09-90,93,57,76,75,A2/A2,30 Aug 2020,,,JMNG-04-83,DONALDS EDIFY,304132,30 Aug 2020,,,M
330,MQVR-12-8,215,53,381,72,A2/A2,28 Aug 2020,,,HJTQ-06-28,HOWIES CHECKPOINT,508077,28 Aug 2020,275,35,F
331,HKYM-18-100,253,43,257,15,A2/A2,28 Aug 2020,,,HKYM-14-120,BONACORD MURMUR BOLT,313016,28 Aug 2020,,,M
332,HKYM-15-98,211,57,338,69,A2/A2,31 Aug 2020,,,HJTQ-05-307,PUKEROA TGM MANZELLO,308533,31 Aug 2020,,,M
333,HKYM-15-148,226,57,272,64,A2/A2,,26 Oct 2020,,FMD-09-198,PUKEROA TGM MANZELLO,308533,,,,
334,HKYM-17-64,197,53,167,50,A2/A2,,03 Sep 2020,,HKYM-14-58,KELLAND KC SPEEDWAY,309012,,,,
335,MQVR-14-42,182,58,276,71,A2/A2,,31 Aug 2020,,MQVR-10-26,HOWIES CHECKPOINT,508077,,,,
336,MQVR-13-56,168,58,264,73,A2/A2,,28 Oct 2020,,MQVR-10-63,HOWIES CHECKPOINT,508077,,,,
337,HKYM-14-63,240,57,292,71,A2/A2,03 Sep 2020,,,WTNG-12-47,CENTRAL VALLEY GEORGE S3J,308080,03 Sep 2020,273,37,F
338,HKYM-14-44,255,57,329,72,A2/A2,18 Aug 2020,,,HKYM-12-114,CENTRAL VALLEY GEORGE S3J,308080,18 Aug 2020,280,37,M
339,HKYM-17-57,211,55,260,50,A2/A2,25 Aug 2020,,237,HKYM-13-131,KELLAND KC SPEEDWAY,309012,25 Aug 2020,,,M
340,HKYM-18-63,239,42,230,15,A2/A2,31 Aug 2020,,,HKYM-15-137,BRAEDENE PAS TRIPLESTAR,313516,31 Aug 2020,,,M
341,MQVR-13-55,219,59,421,73,A2/A2,28 Aug 2020,,,HJTQ-08-245,HOWIES CHECKPOINT,508077,28 Aug 2020,262,37,F
342,PQWH-12-10,182,56,383,73,A2/A2,02 Sep 2020,,,HJTQ-04-27,HOWIES CHECKPOINT,508077,02 Sep 2020,,,M
344,MQVR-12-35,224,57,385,73,A2/A2,,25 Oct 2020,,HJTQ-07-341,HOWIES CHECKPOINT,508077,,,,
346,HKYM-18-106,240,43,224,15,A2/A2,03 Sep 2020,,,HKYM-12-187,BONACORD MURMUR BOLT,313016,03 Sep 2020,136,11,F
347,HKYM-13-55,212,67,195,77,A2/A2,30 Aug 2020,,,HJTQ-10-457,CENTRAL VALLEY GEORGE S3J,308080,30 Aug 2020,,,M
348,HKYM-18-10,241,41,226,15,A2/A2,27 Aug 2020,,86,MRFT-13-59,OKURA OLM KAINO ET,313046,27 Aug 2020,136,10,F
349,MQVR-15-28,192,57,63,68,A2/A2,15 Aug 2020,,,MQVR-07-67,PUKEROA TGM MANZELLO,308533,15 Aug 2020,249,37,M
350,HKYM-16-61,241,57,258,62,A2/A2,,,,HKYM-13-185,LYNBROOK TERRIFIC ET S3J,309084,,,,
351,HKYM-18-94,255,41,262,15,A2/A2,16 Aug 2020,,,HKYM-14-12,BRAEDENE PAS TRIPLESTAR,313516,16 Aug 2020,,,M
352,MQVR-14-57,200,54,422,69,A2/A2,,27 Aug 2020,,HJTQ-09-371,HOWIES CHECKPOINT,508077,,,,
353,HKYM-14-188,219,58,218,72,A2/A2,22 Aug 2020,,,FMD-08-105,ARRIETA NN DEGREE ET,308583,22 Aug 2020,,,M
354,MQVR-14-17,201,56,328,69,A2/A2,24 Aug 2020,,,HJTQ-07-403,HOWIES CHECKPOINT,508077,24 Aug 2020,253,36,F
355,HKYM-14-196,220,56,277,71,A2/A2,24 Aug 2020,,,FMD-11-56,PUKEROA TGM MANZELLO,308533,24 Aug 2020,275,36,F
356,HKYM-18-92,261,41,260,15,A2/A2,,,236,HKYM-15-34,BRAEDENE PAS TRIPLESTAR,313516,,,,
357,WTNG-18-62,231,44,219,16,A2/A2,26 Aug 2020,,,HKYM-13-107,BONACORD MURMUR BOLT,313016,26 Aug 2020,131,11,F
358,MQVR-12-23,148,56,226,73,A2/A2,,02 Sep 2020,,HJTQ-09-30,KRAAKMANS JUMP-START,506102,,,,
359,FMD-11-218,135,58,133,77,A2/A2,02 Sep 2020,,,PTV-06-16,HAZAELS DELIGHT,510040,02 Sep 2020,,,M
360,HKYM-18-27,221,43,205,15,A2/A2,26 Aug 2020,,4,HKYM-13-236,BONACORD MURMUR BOLT,313016,26 Aug 2020,,,M
361,HKYM-15-26,213,57,206,69,A2/A2,,,,FMD-07-31,LYNBROOK TERRIFIC ET S3J,309084,,,,
362,HKYM-14-122,184,57,232,71,A2/A2,28 Aug 2020,,,HJTQ-06-348,OKURA LIKA MURMUR S3J,306549,28 Aug 2020,,,M
363,HKYM-15-14,223,57,346,69,A2/A2,,31 Aug 2020,,HKYM-13-156,PUKEROA TGM MANZELLO,308533,,,,
364,HKYM-15-205,200,56,146,69,A2/A2,,28 Oct 2020,,FMD-11-76,PUKEROA TGM MANZELLO,308533,,,,
365,HKYM-17-48,253,54,286,50,A2/A2,,31 Aug 2020,,FMD-11-17,LYNBROOK TERRIFIC ET S3J,309084,,,,
366,MQVR-13-44,159,57,250,73,A2/A2,30 Aug 2020,,,HJTQ-08-465,HOWIES CHECKPOINT,508077,30 Aug 2020,,,M
367,HKYM-17-1,206,55,208,50,A2/A2,,01 Sep 2020,,HKYM-12-102,LYNBROOK TERRIFIC ET S3J,309084,,,,
368,HKYM-16-118,198,56,23,63,A2/A2,,29 Aug 2020,107,HKYM-12-131,LYNBROOK TERRIFIC ET S3J,309084,,,,
369,MQVR-12-5,179,54,267,72,A2/A2,,08 Sep 2020,,HJTQ-07-237,ST PETERS OBSIDIAN,510016,,,,
370,MQVR-14-50,194,56,309,70,A2/A2,08 Sep 2020,,,HJTQ-06-337,HOWIES CHECKPOINT,508077,08 Sep 2020,,,M
371,HKYM-14-25,210,57,314,72,A2/A2,,27 Oct 2020,,FMD-09-163,ARRIETA NN DEGREE ET,308583,,,,
372,HKYM-18-68,241,43,232,15,A2/A2,26 Aug 2020,,90,MQVR-09-25,BONACORD MURMUR BOLT,313016,26 Aug 2020,136,11,F
373,MQVR-15-60,204,54,267,66,A2/A2,01 Sep 2020,,,MQVR-12-44,CHERRYLANE MNE VELOCITY,314503,01 Sep 2020,270,35,F
374,MQVR-13-38,147,57,202,73,A2/A2,,08 Oct 2020,,HJTQ-08-261,WAIWIRA WARLORD,511038,,,,
375,MQVR-15-30,211,57,169,68,A2/A2,,01 Sep 2020,,HJTQ-03-256,PUKEROA TGM MANZELLO,308533,,,,
376,HKYM-16-88,204,55,240,63,A2/A2,16 Aug 2020,,,FMD-11-25,KELLAND KC SPEEDWAY,309012,16 Aug 2020,254,36,F
377,HKYM-15-134,225,57,184,69,A2/A2,30 Aug 2020,,,HKYM-12-186,ARRIETA NN DEGREE ET,308583,30 Aug 2020,271,36,F
378,HKYM-15-193,283,59,428,70,A2/A2,,18 Aug 2020,,FMD-08-71,PUKEROA TGM MANZELLO,308533,,,,
379,HKYM-15-172,181,59,54,69,A2/A2,,13 Sep 2020,,FMD-09-204,KELLAND KC SPEEDWAY,309012,,,,
380,HKYM-13-139,219,59,398,77,A2/A2,06 Sep 2020,,,FMD-08-126,CENTRAL VALLEY GEORGE S3J,308080,06 Sep 2020,,,M
380,HKYM-13-139,219,59,398,77,A2/A2,06 Sep 2020,,,FMD-08-126,CENTRAL VALLEY GEORGE S3J,308080,06 Sep 2020,,,M
381,HKYM-14-153,232,57,213,69,A2/A2,21 Aug 2020,,,FMD-11-25,PUKEROA TGM MANZELLO,308533,21 Aug 2020,280,36,F
382,MQVR-15-17,180,56,154,68,A2/A2,26 Aug 2020,,,MRFT-10-2,PUKEROA TGM MANZELLO,308533,26 Aug 2020,105,14,F
383,MQVR-15-52,159,54,66,67,A2/A2,02 Sep 2020,,,HJTQ-12-90,CRESCENT MAN DOMINIC ET,307514,02 Sep 2020,,,M
384,HKYM-17-102,182,53,158,50,A2/A2,,,,HKYM-12-179,OKURA LIKA MURMUR S3J,306549,,,,
385,HKYM-16-64,237,56,305,63,A2/A2,,26 Oct 2020,,HKYM-12-82,LYNBROOK TERRIFIC ET S3J,309084,,,,
386,HKYM-16-146,230,56,301,63,A2/A2,,28 Aug 2020,,HKYM-13-156,LYNBROOK TERRIFIC ET S3J,309084,,,,
387,WTNG-18-47,238,42,264,15,A2/A2,,,,FMD-11-185,BRAEDENE PAS TRIPLESTAR,313516,,,,
388,HKYM-16-58,217,56,438,63,A2/A2,,01 Sep 2020,,MQVR-08-1,KELLAND KC SPEEDWAY,309012,,,,
389,HKYM-16-71,149,55,39,63,A2/A2,29 Aug 2020,,,FMD-11-203,KELLAND KC SPEEDWAY,309012,29 Aug 2020,227,36,F
390,HKYM-16-153,195,56,263,63,A2/A2,23 Aug 2020,,,MQVR-09-10,LYNBROOK TERRIFIC ET S3J,309084,23 Aug 2020,262,36,F
391,HKYM-17-47,205,47,194,17,A2/A2,,08 Oct 2020,,FMD-11-203,LYNBROOK TERRIFIC ET S3J,309084,,,,
392,HKYM-18-56,226,45,235,16,A2/A2,26 Aug 2020,,,FMD-09-230,BONACORD MURMUR BOLT,313016,26 Aug 2020,,,M
393,HKYM-18-128,254,38,229,14,A2/A2,,,40,HKYM-12-121,RUANUI TERRIFIC DALAS S3J,316033,,,,
394,HKYM-16-54,160,56,266,63,A2/A2,31 Aug 2020,,,HJTQ-10-181,KELLAND KC SPEEDWAY,309012,31 Aug 2020,238,36,F
395,HKYM-13-60,214,59,357,75,A2/A2,,27 Aug 2020,,JBLT-06-68,HAYWARDS TGM AIM S3J,308103,,,,
396,HKYM-16-123,246,57,335,63,A2/A2,,27 Aug 2020,,FMD-11-29,LYNBROOK TERRIFIC ET S3J,309084,,,,
398,HKYM-16-116,211,56,222,59,A2/A2,,03 Sep 2020,,HKYM-13-172,LYNBROOK TERRIFIC ET S3J,309084,,,,
399,HKYM-16-162,233,56,298,63,A2/A2,05 Sep 2020,,,FMD-11-57,LYNBROOK TERRIFIC ET S3J,309084,05 Sep 2020,283,36,F
400,FMD-11-171,123,58,126,77,A2/A2,29 Aug 2020,,,KFXT-04-3,SUPERCOWS STUNNER,509135,29 Aug 2020,,,M
401,HKYM-16-79,205,57,175,63,A2/A2,02 Sep 2020,,,CNGW-06-18,LYNBROOK TERRIFIC ET S3J,309084,02 Sep 2020,,,M
402,HKYM-16-158,243,59,-11,64,A2/A2,27 Aug 2020,,,FMD-08-71,LYNBROOK TERRIFIC ET S3J,309084,27 Aug 2020,274,37,F
403,HKYM-16-17,169,56,216,59,A2/A2,05 Sep 2020,,,HKYM-13-169,KELLAND KC SPEEDWAY,309012,05 Sep 2020,237,36,F
404,HKYM-16-166,202,56,70,63,A2/A2,29 Aug 2020,,,HKYM-12-63,LYNBROOK TERRIFIC ET S3J,309084,29 Aug 2020,266,36,F
405,HKYM-16-134,177,57,-23,63,A2/A2,27 Aug 2020,,,HJTQ-06-327,LYNBROOK TERRIFIC ET S3J,309084,27 Aug 2020,253,36,F
406,HKYM-14-162,193,56,191,70,A2/A2,26 Aug 2020,,,FMD-07-54,OKURA LIKA MURMUR S3J,306549,26 Aug 2020,,,M
407,HKYM-16-94,226,56,156,63,A2/A2,28 Aug 2020,,,HKYM-12-57,LYNBROOK TERRIFIC ET S3J,309084,28 Aug 2020,266,36,F
408,HKYM-16-30,207,56,239,63,A2/A2,18 Aug 2020,,,HKYM-12-187,KELLAND KC SPEEDWAY,309012,18 Aug 2020,256,37,F
409,HKYM-18-125,232,43,229,15,A2/A2,01 Sep 2020,,76,HKYM-15-54,BONACORD MURMUR BOLT,313016,01 Sep 2020,131,11,F
411,HKYM-16-104,199,57,184,60,A2/A2,,,,FMD-06-68,LYNBROOK TERRIFIC ET S3J,309084,,,,
412,HKYM-16-74,210,56,257,63,A2/A2,,27 Oct 2020,,FMD-11-229,KELLAND KC SPEEDWAY,309012,,,,
414,WTNG-18-1,222,60,174,21,A2/A2,,,1,HKYM-15-74,BELLS CM CONRAD S2J,312057,,,,
416,HKYM-16-135,193,55,97,63,A2/A2,01 Sep 2020,,,PKTY-11-45,LYNBROOK TERRIFIC ET S3J,309084,01 Sep 2020,112,14,F
417,HKYM-16-18,175,56,219,63,A2/A2,,16 Aug 2020,,FMD-11-5,KELLAND KC SPEEDWAY,309012,,,,
418,HKYM-16-75,175,56,80,63,A2/A2,21 Aug 2020,,,HJTQ-08-442,KELLAND KC SPEEDWAY,309012,21 Aug 2020,252,36,F
419,HKYM-16-131,211,58,163,64,A2/A2,,,,HKYM-13-143,LYNBROOK TERRIFIC ET S3J,309084,,,,
420,HKYM-16-87,129,51,47,51,A2/A2,,27 Oct 2020,329,MQVR-09-90,KELLAND KC SPEEDWAY,309012,,,,
421,HKYM-16-46,215,55,450,63,A2/A2,05 Sep 2020,,269,HKYM-13-137,KELLAND KC SPEEDWAY,309012,05 Sep 2020,274,35,F
424,HKYM-16-73,182,54,252,56,A2/A2,,24 Jul 2020,,FMD-11-40,KELLAND KC SPEEDWAY,309012,,,,
426,HKYM-17-90,164,56,30,51,A2/A2,,08 Oct 2020,,FMD-11-166,KELLAND KC SPEEDWAY,309012,,,,
428,HKYM-16-136,202,56,174,63,A2/A2,,,,FMD-11-186,LYNBROOK TERRIFIC ET S3J,309084,,,,
429,HKYM-16-86,168,56,228,63,A2/A2,05 Sep 2020,,,PTV-06-26,KELLAND KC SPEEDWAY,309012,05 Sep 2020,251,36,F
430,HKYM-16-23,278,56,427,57,A2/A2,04 Sep 2020,,235,HKYM-14-42,LYNBROOK TERRIFIC ET S3J,309084,04 Sep 2020,303,36,F
431,HKYM-16-60,196,55,197,63,A2/A2,,01 Sep 2020,,HKYM-12-24,KELLAND KC SPEEDWAY,309012,,,,
432,HKYM-16-117,200,56,199,63,A2/A2,,,,FMD-08-120,LYNBROOK TERRIFIC ET S3J,309084,,,,
433,HKYM-16-100,237,55,260,63,A2/A2,,03 Sep 2020,,HKYM-13-42,KELLAND KC SPEEDWAY,309012,,,,
434,HKYM-16-55,187,56,98,63,A2/A2,27 Aug 2020,,95,HKYM-12-43,KELLAND KC SPEEDWAY,309012,27 Aug 2020,246,36,F
436,HKYM-17-99,154,55,82,50,A2/A2,03 Sep 2020,,,HJTQ-08-353,OKURA LIKA MURMUR S3J,306549,03 Sep 2020,,,M
437,HKYM-17-50,270,53,352,50,A2/A2,02 Sep 2020,,,HKYM-14-107,LYNBROOK GG QUICKSILVER,312059,02 Sep 2020,293,35,F
439,HKYM-17-52,209,57,86,51,A2/A2,17 Aug 2020,,,FMD-08-71,KELLAND KC SPEEDWAY,309012,17 Aug 2020,262,36,M
441,HKYM-17-72,218,55,38,50,A2/A2,,02 Sep 2020,,WTNG-12-47,LYNBROOK TERRIFIC ET S3J,309084,,,,
443,HKYM-17-58,208,51,150,49,A2/A2,,07 Sep 2020,,HKYM-14-148,WILLAND LT DYNAMO,311029,,,,
444,FMD-11-70,225,62,427,76,A2/A2,25 Aug 2020,,,FMD-09-104,FOXTON NN FROSTY S3J,309039,25 Aug 2020,,,M
445,HKYM-17-11,232,55,199,50,A2/A2,,09 Sep 2020,133,HKYM-14-134,LYNBROOK TERRIFIC ET S3J,309084,,,,
446,HKYM-17-115,286,53,452,50,A2/A2,27 Aug 2020,,,PKTY-11-54,OKURA LT INTEGRITY,311013,27 Aug 2020,,,M
448,HKYM-17-43,245,54,239,50,A2/A2,29 Aug 2020,,152,HKYM-14-39,LYNBROOK TERRIFIC ET S3J,309084,29 Aug 2020,286,35,F
449,HKYM-17-86,218,53,276,50,A2/A2,27 Aug 2020,,,HKYM-14-19,CHARDONNAY FRANKIE,312014,27 Aug 2020,,,M
450,HKYM-17-28,246,55,224,50,A2/A2,04 Sep 2020,,,FMD-11-88,LYNBROOK TERRIFIC ET S3J,309084,04 Sep 2020,281,35,F
451,HKYM-17-60,190,54,37,50,A2/A2,03 Sep 2020,,,HKYM-14-158,KELLAND KC SPEEDWAY,309012,03 Sep 2020,259,35,F
452,HKYM-12-39,181,62,262,77,A2/A2,,27 Aug 2020,,FMD-04-13,KERSTENS KRC RONALDO,309090,,,,