Animal-Animal ID,Animal-Birth ID 1,Animal-BW 1-Value,Animal-BW 1-Reliability,Animal-PW-Value,Animal-PW-Reliability,Animal-A2 Status,Animal-Calving Date,Animal-Custom: Animal Fate (died),Pre-Calving-Expected Calving Date,Dam-Cow No.,Dam-Official ID,Sire-Name,Sire-Sire ID,Calf-Birth ID 2,Calf-Birth Date,Calf-BW 2-Value,Calf-BW 2-Reliability,Calf-Sex,Calf-Fate
236,PQVV-18-88,95,8,124,3,A1/A2,04 Aug 2020,,,167,PQVV-14-93,FICHTL 5-STAR SULTAN S3J,313040,,04 Aug 2020,,,M,Bobbied
2,HJTQ-18-8,193,44,173,16,,06 Aug 2020,,,,HJTQ-09-225,BELLS CM CONRAD S2J,312057,,06 Aug 2020,,,M,Died
234,PQVV-18-40,172,39,218,14,,06 Aug 2020,,,508,MRFT-13-40,OKURA GOLDIE INDEX,312034,,06 Aug 2020,,,M,Died
217,HKYM-18-96,253,45,271,16,A2/A2,08 Aug 2020,,,,WTNG-12-46,PRIESTS SIERRA,511011,,08 Aug 2020,,,F,Died
314,PQVV-18-116,120,14,134,5,A1/A2,08 Aug 2020,,,27,PQVV-15-62,OKURA GOLDIE INDEX,312034,,08 Aug 2020,,,F,Died
399,PQVV-18-61,122,31,163,12,A2/A2,08 Aug 2020,,,121,MRFT-15-9,FICHTL 5-STAR SULTAN S3J,313040,,08 Aug 2020,,,M,Bobbied
165,PQVV-18-100,159,41,200,15,A2/A2,09 Aug 2020,,,213,PQVV-13-1,OKURA 5-STAR INNES,313045,,09 Aug 2020,,,F,Bobbied
240,PQVV-18-160,163,26,155,9,A1/A2,09 Aug 2020,,,,MRFT-16-4,,HKYM-16-31,,09 Aug 2020,,,F,Bobbied
281,PQVV-18-158,153,29,137,10,A2/A2,09 Aug 2020,,,124,PQVV-16-10,,HKYM-16-93,,09 Aug 2020,,,F,Bobbied
436,PQWH-18-45,234,42,211,15,A2/A2,09 Aug 2020,,,,HKYM-15-12,OKURA OLM KAINO ET,313046,,09 Aug 2020,,,F,Bobbied
15,PQVV-15-1,144,51,233,58,A1/A2,11 Aug 2020,,,,MQVR-09-63,TAWA GROVE KRC TANA,309030,,11 Aug 2020,,,F,Bobbied
76,PQVV-18-89,213,42,216,15,A2/A2,11 Aug 2020,,,,MQVR-12-45,OKURA OLM KAINO ET,313046,,11 Aug 2020,,,F,Bobbied
119,PQVV-18-108,120,26,133,9,A1/A2,11 Aug 2020,,,99,MRFT-16-13,,HKYM-16-41,,11 Aug 2020,,,F,Bobbied
478,PQVV-18-86,188,41,184,15,A2/A2,11 Aug 2020,,,3,PQVV-14-51,OKURA OLM KAINO ET,313046,,11 Aug 2020,,,F,Bobbied
122,PQVV-18-60,223,44,271,16,A2/A2,12 Aug 2020,,,334,WTNG-14-28,OKURA GOLDIE INDEX,312034,,12 Aug 2020,,,F,Bobbied
262,PQVV-18-42,220,42,221,15,A2/A2,12 Aug 2020,,,75,MQVR-14-6,BONACORD MURMUR BOLT,313016,,12 Aug 2020,,,F,Bobbied
307,MRFT-14-109,46,55,-36,67,A1/A1,12 Aug 2020,,,,BJGF-04-8,CUTFORTHS LORD BRIAN,506063,PQVV-20-1,12 Aug 2020,187,35,F,Reared
138,MRFT-15-84,100,45,18,53,A1/A1,13 Aug 2020,,,,MRFT-11-68,HILLSTAR LOT JESTER S3J,308128,,13 Aug 2020,,,M,Bobbied
353,PQVV-13-22,151,53,133,69,A1/A2,13 Aug 2020,,,,HJTQ-10-509,ASHVALES DOUBLESHOT,512010,,13 Aug 2020,,,M,Bobbied
362,PQVV-12-87,83,56,-70,71,,13 Aug 2020,,,,MRFT-09-92,TANIWHA THUNDERBOLT,510007,,13 Aug 2020,,,M,Bobbied
7,PQVV-15-7,191,51,363,60,A1/A1,14 Aug 2020,,,,HJTQ-06-222,HILLSTAR LOT JESTER S3J,308128,PQVV-20-4,14 Aug 2020,242,29,F,Reared
22,PQVV-17-83,163,50,29,41,A1/A2,14 Aug 2020,,,152,HJTQ-09-324,WILLAND LT DYNAMO,311029,PQVV-20-3,14 Aug 2020,228,28,F,Reared
285,PQWH-12-78,141,55,244,72,A1/A2,14 Aug 2020,,,,HJTQ-02-207,MATAHUI NOBLE,511006,PQVV-20-2,14 Aug 2020,239,29,F,Reared
345,PQVV-18-119,175,44,202,15,A1/A2,14 Aug 2020,,,,HJTQ-10-190,OKURA GOLDIE INDEX,312034,,14 Aug 2020,,,F,Bobbied
376,HJTQ-18-87,243,42,234,15,,14 Aug 2020,,,,PQWH-14-8,OKURA OLM KAINO ET,313046,,14 Aug 2020,,,F,Bobbied
11,PQVV-16-50,207,53,263,54,A2/A2,15 Aug 2020,,,,PQVV-12-29,BOURKES LRT RIPPER,311044,PQVV-20-140,15 Aug 2020,,,M,Reared
44,PQVV-18-103,220,42,238,15,A1/A2,15 Aug 2020,,,,MQVR-12-31,BONACORD MURMUR BOLT,313016,,15 Aug 2020,,,M,Bobbied
48,PQVV-18-13,196,41,192,15,,15 Aug 2020,,,352,PQVV-14-81,OKURA OLM KAINO ET,313046,,15 Aug 2020,,,M,Died
83,HKYM-18-103,191,41,195,15,A2/A2,15 Aug 2020,,,,WTNG-13-13,HORIZON CONSCRIPT ET,513015,,15 Aug 2020,,,M,Bobbied
147,PQWH-18-14,140,41,155,15,A2/A2,15 Aug 2020,,,,PQWH-14-24,FICHTL 5-STAR SULTAN S3J,313040,,15 Aug 2020,,,M,Bobbied
311,PQVV-18-75,195,41,174,15,A2/A2,15 Aug 2020,,,43,PQVV-13-36,MAKARIOS MURMUR LAZARUS,313010,,15 Aug 2020,,,M,Bobbied
375,PQWH-18-124,124,17,156,6,A2/A2,15 Aug 2020,,,,PQWH-14-70,,,,15 Aug 2020,,,M,Bobbied
406,PQVV-18-91,202,35,194,13,A1/A2,15 Aug 2020,,,300,MRFT-14-45,OKURA OLM KAINO ET,313046,,15 Aug 2020,,,M,Died
494,PQVV-18-50,212,39,205,14,A2/A2,15 Aug 2020,,,59,PQVV-15-2,OKURA OLM KAINO ET,313046,,15 Aug 2020,,,M,Bobbied
45,PQWH-18-50,123,34,120,13,A2/A2,16 Aug 2020,,,,MRFT-12-173,MAKARIOS MURMUR LAZARUS,313010,,16 Aug 2020,,,M,Bobbied
46,PQVV-18-98,144,41,140,15,A2/A2,16 Aug 2020,,,195,MRFT-14-103,MAKARIOS MURMUR LAZARUS,313010,,16 Aug 2020,,,M,Bobbied
271,WTNG-14-62,166,56,208,66,A1/A2,16 Aug 2020,,,,MQVR-09-32,HOWIES CHECKPOINT,508077,,16 Aug 2020,,,M,Bobbied
364,MQVR-15-54,21,45,77,60,A1/A2,16 Aug 2020,,,,MRFT-10-35,VJ HERODOT,314554,,16 Aug 2020,,,M,Bobbied
380,PQVV-18-99,94,15,123,5,A2/A2,16 Aug 2020,,,,MQVR-13-4,FICHTL 5-STAR SULTAN S3J,313040,,16 Aug 2020,,,M,Bobbied
393,PQWH-18-53,178,40,212,15,A2/A2,16 Aug 2020,,,,HJTQ-14-69,OKURA 5-STAR INNES,313045,,16 Aug 2020,,,M,Bobbied
488,PQWH-18-39,220,41,201,15,A2/A2,16 Aug 2020,,,,PQWH-15-82,OKURA OLM KAINO ET,313046,,16 Aug 2020,,,M,Bobbied
490,PQVV-18-66,172,42,208,15,A2/A2,16 Aug 2020,,,263,WTNG-14-20,FICHTL 5-STAR SULTAN S3J,313040,,16 Aug 2020,,,M,Bobbied
35,PQVV-18-51,150,41,168,15,A2/A2,17 Aug 2020,,,357,MRFT-14-104,FICHTL 5-STAR SULTAN S3J,313040,,17 Aug 2020,,,F,Bobbied
35,PQVV-18-51,150,41,168,15,A2/A2,17 Aug 2020,,,357,MRFT-14-104,FICHTL 5-STAR SULTAN S3J,313040,,17 Aug 2020,,,F,Bobbied
58,PQVV-18-57,153,42,154,15,A2/A2,17 Aug 2020,,,,HJTQ-09-385,FICHTL 5-STAR SULTAN S3J,313040,,17 Aug 2020,,,F,Bobbied
354,PQVV-18-113,194,44,215,15,A1/A2,17 Aug 2020,,,,PKTY-11-27,OKURA GOLDIE INDEX,312034,,17 Aug 2020,,,F,Bobbied
369,PQVV-18-101,167,42,169,15,A2/A2,17 Aug 2020,,,370,MRFT-10-72,OKURA OLM KAINO ET,313046,,17 Aug 2020,,,F,Bobbied
90,HKYM-18-79,229,44,246,15,A2/A2,18 Aug 2020,,,,WTNG-12-6,PRIESTS SIERRA,511011,,18 Aug 2020,,,M,Bobbied
175,MRFT-12-166,37,30,135,64,A1/A1,18 Aug 2020,,,,,,,PQVV-20-5,18 Aug 2020,177,29,F,Reared
306,MQVR-14-27,171,56,211,68,A1/A1,18 Aug 2020,,,,HJTQ-09-30,AMBROSE SUPER STAN,509047,,18 Aug 2020,,,M,Bobbied
418,HJTQ-11-43,105,59,2,74,A1/A1,18 Aug 2020,,,,HJTQ-03-280,SHEPHERDS ML STARLIGHT ET,306107,PQVV-20-6,18 Aug 2020,217,36,F,Reared
17,PQVV-18-102,207,41,209,14,A2/A2,20 Aug 2020,,,,HJTQ-12-30,OKURA OLM KAINO ET,313046,,20 Aug 2020,,,M,Bobbied
39,PQVV-17-52,119,42,83,38,A1/A2,20 Aug 2020,,,,,BELLS CM CONRAD S2J,312057,,20 Aug 2020,,,M,Bobbied
59,PQVV-15-2,140,48,204,57,A1/A2,20 Aug 2020,,,503,PQVV-12-12,TIRONUI MEGANEV,307055,,20 Aug 2020,,,M,Bobbied
73,PQVV-18-150,187,28,170,10,A1/A1,20 Aug 2020,,,318,MQVR-16-30,,HKYM-16-89,,20 Aug 2020,,,M,Bobbied
82,PQWH-18-79,122,38,125,14,A2/A2,20 Aug 2020,,,,HJTQ-09-217,FICHTL 5-STAR SULTAN S3J,313040,,20 Aug 2020,,,M,Bobbied
150,HKYM-18-78,222,43,225,15,A2/A2,20 Aug 2020,,,,WTNG-15-24,HORIZON BLAZER ET,513016,PQVV-20-10,20 Aug 2020,134,11,F,Reared
176,PKTY-11-56,83,38,78,67,A1/A1,20 Aug 2020,,,,HJTQ-06-325,BOURKES NN RPM ET,307026,PQVV-20-138,20 Aug 2020,192,25,M,Reared
186,MRFT-14-55,151,55,142,64,A1/A2,20 Aug 2020,Died,,,MRFT-10-125,AMBROSE SUPER STAN,509047,,20 Aug 2020,,,M,Died
187,MRFT-14-85,132,55,223,66,A1/A2,20 Aug 2020,,,,MRFT-09-36,CUTFORTHS LORD BRIAN,506063,,20 Aug 2020,,,M,Bobbied
225,PQVV-17-29,264,52,412,42,A2/A2,20 Aug 2020,,,,PQVV-14-79,OKURA LT INTEGRITY,311013,PQVV-20-139,20 Aug 2020,297,35,M,Reared
264,PQVV-18-62,189,42,181,15,A2/A2,20 Aug 2020,,,291,MRFT-15-24,OKURA OLM KAINO ET,313046,,20 Aug 2020,,,M,Died
278,PQWH-18-20,222,44,236,15,A2/A2,20 Aug 2020,,,,PQWH-15-37,OKURA GOLDIE INDEX,312034,,20 Aug 2020,,,M,Bobbied
284,PQVV-17-40,141,52,163,42,A2/A2,20 Aug 2020,,,,HJTQ-08-391,BELLS CM CONRAD S2J,312057,,20 Aug 2020,,,M,Died
287,PQVV-18-115,120,15,148,6,A1/A1,20 Aug 2020,,,228,PQVV-14-38,,,,20 Aug 2020,,,M,Bobbied
303,PQVV-12-27,166,59,254,72,A1/A2,20 Aug 2020,,,,HJTQ-03-226,HOWIES CHECKPOINT,508077,PQVV-20-7,20 Aug 2020,241,36,F,Reared
321,PQVV-17-55,136,41,113,38,A2/A2,20 Aug 2020,,,,HJTQ-11-113,WILLAND LT DYNAMO,311029,PQVV-20-137,20 Aug 2020,,,M,Reared
351,PQVV-17-27,102,42,-40,38,A2/A2,20 Aug 2020,,,,,BELLS CM CONRAD S2J,312057,,20 Aug 2020,,,M,Died
401,PQVV-17-6,117,25,199,32,A1/A2,20 Aug 2020,,,,MQVR-14-53,OKURA GOLDIE INDEX,312034,PQVV-20-9,20 Aug 2020,207,22,F,Reared
404,PQVV-18-84,218,44,255,16,A2/A2,20 Aug 2020,,,303,PQVV-12-27,OKURA GOLDIE INDEX,312034,,20 Aug 2020,,,M,Bobbied
483,PQVV-17-65,120,17,140,30,A2/A2,20 Aug 2020,,,,PQVV-15-86,,,,20 Aug 2020,,,M,Died
489,PQVV-18-53,189,41,206,15,A2/A2,20 Aug 2020,,,,PQVV-15-6,BONACORD MURMUR BOLT,313016,,20 Aug 2020,,,M,Bobbied
493,PQVV-18-155,194,27,195,10,A2/A2,20 Aug 2020,,,11,PQVV-16-50,,HKYM-16-49,,20 Aug 2020,,,M,Bobbied
503,PQVV-12-12,66,37,77,66,A1/A2,20 Aug 2020,,,,HJTQ-04-131,,,PQVV-20-8,20 Aug 2020,201,25,F,Reared
16,MQVR-14-4,103,56,51,66,A1/A2,22 Aug 2020,,,,MRFT-10-38,ANNALYSER,509116,,22 Aug 2020,,,M,Bobbied
69,PQVV-16-26,145,48,208,54,A2/A2,22 Aug 2020,,,,HJTQ-07-105,SOUTH LAND JERICHO ET S3J,311019,PQVV-20-13,22 Aug 2020,230,34,F,Reared
75,MQVR-14-6,176,56,129,65,A1/A2,22 Aug 2020,,,,HJTQ-07-172,ANNALYSER,509116,,22 Aug 2020,,,M,Bobbied
81,PQVV-17-11,131,47,60,40,A2/A2,22 Aug 2020,,,,PQVV-14-85,BELLS CM CONRAD S2J,312057,PQVV-20-12,22 Aug 2020,219,27,F,Reared
97,MRFT-10-9,80,60,103,74,A1/A2,22 Aug 2020,,,,FVVY-04-196,VALENTIA DL MACGYVER ET,305103,PQVV-20-11,22 Aug 2020,55,15,F,Reared
101,PQVV-14-63,164,54,195,66,A1/A2,22 Aug 2020,,,,HJTQ-10-172,CUTFORTHS LORD BRIAN,506063,PQVV-20-14,22 Aug 2020,97,14,F,Reared
161,MRFT-12-51,61,27,153,63,A1/A1,22 Aug 2020,,,,,,,,22 Aug 2020,,,M,Bobbied
164,WTNG-17-38,137,52,139,42,A1/A2,22 Aug 2020,,,,MQVR-09-21,DRYSDALES SOVEREIGN,511051,,22 Aug 2020,,,M,Bobbied
190,FMD-11-34,180,60,198,77,A1/A2,22 Aug 2020,,,,FMD-00-9,TE ARANGA JOSHUA,309805,PQVV-20-136,22 Aug 2020,105,15,M,Reared
193,PQVV-14-42,103,53,133,60,,22 Aug 2020,,,,HJTQ-10-96,WERDERS EXCELLENCE,509025,,22 Aug 2020,,,M,Bobbied
301,PQVV-15-31,179,51,240,60,A1/A2,22 Aug 2020,,,,HJTQ-07-173,HILLSTAR LOT JESTER S3J,308128,,22 Aug 2020,,,M,Died
309,PQVV-16-6,284,55,510,59,A2/A2,22 Aug 2020,,,,PQVV-13-81,LYNBROOK TERRIFIC ET S3J,309084,PQVV-20-15,22 Aug 2020,306,36,F,Reared
332,PQWH-18-21,207,45,207,16,A2/A2,22 Aug 2020,,,,HJTQ-12-6,OKURA GOLDIE INDEX,312034,,22 Aug 2020,,,M,Bobbied
336,PQVV-13-86,58,57,17,71,A1/A2,22 Aug 2020,,,,HJTQ-10-104,SCOTTS BRAVO ET,512008,,22 Aug 2020,,,M,Bobbied
337,MQVR-13-26,217,56,301,71,A1/A2,22 Aug 2020,,,,HJTQ-09-285,ARKANS PROMOTER,510003,,22 Aug 2020,,,M,Bobbied
368,PQVV-18-148,128,20,142,7,A2/A2,22 Aug 2020,,,378,PQVV-16-66,,HKYM-16-93,,22 Aug 2020,,,M,Died
381,PQVV-17-17,236,52,109,41,A1/A2,22 Aug 2020,,,,PQVV-13-54,LYNBROOK GG QUICKSILVER,312059,PQVV-20-135,22 Aug 2020,276,35,M,Reared
394,PQVV-18-111,180,28,162,10,A1/A2,22 Aug 2020,,,231,PQVV-16-1,,HKYM-16-40,,22 Aug 2020,,,M,Bobbied
396,MRFT-13-24,121,58,97,72,A1/A1,22 Aug 2020,,,,BHHT-04-32,MALROSE MAJESTY,510022,PQVV-20-16,22 Aug 2020,218,36,F,Reared
414,PQVV-18-27,189,43,174,15,A2/A2,22 Aug 2020,,,,HJTQ-07-222,OKURA OLM KAINO ET,313046,,22 Aug 2020,,,M,Bobbied
422,MRFT-14-36,122,55,141,66,A1/A2,22 Aug 2020,,,,MRFT-11-64,HOWIES EASYRIDER,508140,,22 Aug 2020,,,M,Died
428,MRFT-14-49,166,55,225,67,A1/A2,22 Aug 2020,,,,JFQK-04-55,HOWIES CHECKPOINT,508077,,22 Aug 2020,,,M,Bobbied
443,PQVV-18-43,134,41,153,15,A2/A2,22 Aug 2020,,,,MRFT-14-32,FICHTL 5-STAR SULTAN S3J,313040,,22 Aug 2020,,,M,Died
465,PQVV-18-48,177,43,189,15,A2/A2,22 Aug 2020,,,,MQVR-10-76,BONACORD MURMUR BOLT,313016,,22 Aug 2020,,,M,Bobbied
468,HJTQ-17-31,188,50,203,41,,22 Aug 2020,,,,HJTQ-08-531,LYNBROOK GG QUICKSILVER,312059,,22 Aug 2020,,,M,Died
480,PQVV-17-25,197,52,172,42,A1/A2,22 Aug 2020,,,,MQVR-09-2,LYNBROOK GG QUICKSILVER,312059,PQVV-20-17,22 Aug 2020,263,35,F,Reared
499,PQVV-18-92,205,42,200,15,A2/A2,22 Aug 2020,,,,PQWH-12-96,BONACORD MURMUR BOLT,313016,,22 Aug 2020,,,M,Died
37,MQVR-17-10,229,52,313,41,A1/A2,23 Aug 2020,,,,HJTQ-09-441,OKURA LT INTEGRITY,311013,,23 Aug 2020,,,M,Died
94,PQWH-18-41,219,42,229,15,A2/A2,23 Aug 2020,,,,PQWH-12-75,OKURA OLM KAINO ET,313046,,23 Aug 2020,,,F,Died
102,PQVV-18-2,149,43,132,15,A2/A2,23 Aug 2020,,,16,MQVR-14-4,BELLS CM CONRAD S2J,312057,,23 Aug 2020,,,M,Bobbied
174,PQWH-18-100,205,42,215,15,A2/A2,23 Aug 2020,,,,PQWH-14-35,BONACORD MURMUR BOLT,313016,,23 Aug 2020,,,M,Bobbied
230,PQVV-17-46,182,51,307,41,A1/A2,23 Aug 2020,,,,PQVV-14-87,BELLS CM CONRAD S2J,312057,PQVV-20-20,23 Aug 2020,106,13,F,Reared
280,PQVV-16-13,253,54,331,56,A1/A2,23 Aug 2020,,,,PQVV-13-73,OKURA LT INTEGRITY,311013,,23 Aug 2020,,,M,Bobbied
294,PQVV-13-24,95,38,197,65,A1/A2,23 Aug 2020,,,,HJTQ-05-84,ATHLIAM PACEMAKER,512048,PQVV-20-19,23 Aug 2020,206,31,F,Reared
458,MRFT-13-33,205,56,362,71,A1/A1,23 Aug 2020,,,,HJTQ-06-3,MALROSE MAJESTY,510022,,23 Aug 2020,,,M,Died
464,PQVV-18-90,203,40,193,14,A1/A2,23 Aug 2020,,,,HJTQ-12-90,OKURA OLM KAINO ET,313046,,23 Aug 2020,,,M,Bobbied
471,PQVV-12-19,173,57,174,68,A1/A2,23 Aug 2020,,,,HJTQ-03-376,PAYNES PROPAGATOR,510014,PQVV-20-134,23 Aug 2020,241,29,M,Reared
24,PQVV-17-62,246,53,250,42,A1/A2,24 Aug 2020,,,,HJTQ-08-285,OKURA LT INTEGRITY,311013,,24 Aug 2020,,,M,Bobbied
145,PQWH-18-5,186,44,210,15,A2/A2,24 Aug 2020,,,,PQWH-12-98,OKURA GOLDIE INDEX,312034,,24 Aug 2020,,,M,Bobbied
156,PQVV-18-156,112,15,112,5,A2/A2,24 Aug 2020,,,,PQWH-16-55,,,,24 Aug 2020,,,M,Bobbied
171,PQVV-16-49,219,55,359,57,A2/A2,24 Aug 2020,,,18,PQVV-13-53,LYNBROOK TERRIFIC ET S3J,309084,PQVV-20-132,24 Aug 2020,274,35,M,Reared
288,MRFT-14-89,169,55,189,67,A1/A1,24 Aug 2020,,,,HJTQ-10-160,AMBROSE SUPER STAN,509047,PQVV-20-133,24 Aug 2020,228,29,M,Reared
341,PQVV-15-3,114,49,102,59,A1/A2,24 Aug 2020,,,,HJTQ-08-301,KELLAND KC SPEEDWAY,309012,,24 Aug 2020,,,M,Bobbied
373,PQWH-18-121,165,41,171,15,A2/A2,24 Aug 2020,,,,HJTQ-08-190,FICHTL 5-STAR SULTAN S3J,313040,,24 Aug 2020,,,M,Bobbied
446,PQVV-16-68,136,17,147,6,A2/A2,24 Aug 2020,,,,HJTQ-09-19,,,PQVV-20-18,24 Aug 2020,83,4,F,Reared
495,PQVV-18-11,163,43,153,15,A2/A2,24 Aug 2020,,,162,MRFT-13-52,BELLS CM CONRAD S2J,312057,,24 Aug 2020,,,M,Bobbied
33,PQVV-16-38,185,55,114,59,A2/A2,25 Aug 2020,,,,PQVV-12-80,LYNBROOK TERRIFIC ET S3J,309084,,25 Aug 2020,,,F,Died
114,PQVV-15-39,73,52,133,60,A1/A2,25 Aug 2020,,,,HJTQ-08-459,TIRONUI MEGANEV,307055,PQVV-20-21,25 Aug 2020,187,28,F,Reared
116,PQVV-18-94,189,40,237,14,A1/A2,25 Aug 2020,,,,MRFT-09-48,OKURA GOLDIE INDEX,312034,,25 Aug 2020,,,M,Bobbied
130,PQVV-18-117,68,16,91,6,A2/A2,25 Aug 2020,,,,HJTQ-10-96,,,,25 Aug 2020,,,M,Bobbied
195,MRFT-14-103,78,56,-44,68,A1/A2,25 Aug 2020,,,,MRFT-10-102,CUTFORTHS LORD BRIAN,506063,PQVV-20-23,25 Aug 2020,193,29,F,Reared
204,MQVR-13-45,226,57,363,72,A1/A2,25 Aug 2020,,,,HJTQ-06-147,ARKANS PROMOTER,510003,,25 Aug 2020,,,M,Bobbied
248,PQVV-16-22,197,53,337,56,A2/A2,25 Aug 2020,,,,HJTQ-11-70,OKURA LT INTEGRITY,311013,PQVV-20-131,25 Aug 2020,258,28,M,Reared
260,MRFT-14-37,99,35,152,61,A1/A2,25 Aug 2020,,,,MRFT-07-70,,,,25 Aug 2020,,,M,Bobbied
265,PQVV-15-43,135,51,111,60,A1/A2,25 Aug 2020,,,,MRFT-09-34,HILLSTAR LOT JESTER S3J,308128,PQVV-20-24,25 Aug 2020,83,13,F,Reared
407,PQVV-14-65,170,57,156,66,,25 Aug 2020,,,,HJTQ-08-201,HOWIES CHECKPOINT,508077,,25 Aug 2020,,,M,Bobbied
476,PQVV-17-1,189,52,70,42,A2/A2,25 Aug 2020,,,,MQVR-09-7,LYNBROOK GG QUICKSILVER,312059,,25 Aug 2020,,,F,Died
498,PQVV-18-106,139,22,152,8,A1/A2,25 Aug 2020,,,25,PQVV-16-70,,HKYM-16-40,,25 Aug 2020,,,F,Bobbied
498,PQVV-18-106,139,22,152,8,A1/A2,25 Aug 2020,,,25,PQVV-16-70,,HKYM-16-40,,25 Aug 2020,,,F,Died
60,PQVV-17-9,165,52,130,41,,26 Aug 2020,,,213,PQVV-13-1,OKURA GOLDIE INDEX,312034,PQVV-20-25,26 Aug 2020,242,28,F,Reared
87,PQVV-17-30,241,52,182,42,A1/A2,26 Aug 2020,,,,PQVV-14-76,OKURA LT INTEGRITY,311013,,26 Aug 2020,,,F,Bobbied
87,PQVV-17-30,241,52,182,42,A1/A2,26 Aug 2020,,,,PQVV-14-76,OKURA LT INTEGRITY,311013,,26 Aug 2020,,,M,Bobbied
92,MQVR-16-28,174,57,147,60,A1/A2,26 Aug 2020,,,,MQVR-10-60,LYNBROOK TERRIFIC ET S3J,309084,PQVV-20-27,26 Aug 2020,252,36,F,Reared
109,PQVV-18-5,150,45,124,16,A2/A2,26 Aug 2020,,,,HJTQ-06-347,BELLS CM CONRAD S2J,312057,,26 Aug 2020,,,M,Bobbied
132,PQVV-17-45,247,52,287,41,A2/A2,26 Aug 2020,,,,PQVV-14-7,OKURA LT INTEGRITY,311013,PQVV-20-130,26 Aug 2020,274,28,M,Reared
141,WTNG-14-13,148,57,164,66,A1/A2,26 Aug 2020,,,,HJTQ-10-6,HOWIES CHECKPOINT,508077,,26 Aug 2020,,,M,Bobbied
185,PQVV-17-28,205,52,311,41,A2/A2,26 Aug 2020,,,,WTNG-14-21,BELLS CM CONRAD S2J,312057,,26 Aug 2020,,,M,Bobbied
254,PQVV-18-159,193,27,161,10,A2/A2,26 Aug 2020,,,411,PQVV-16-34,,HKYM-16-143,,26 Aug 2020,,,M,Bobbied
302,PQVV-14-27,166,56,198,66,A1/A2,26 Aug 2020,,,,HJTQ-07-35,ARKANS PROMOTER,510003,PQVV-20-26,26 Aug 2020,234,28,F,Reared
400,PQVV-18-37,167,37,200,14,A2/A2,26 Aug 2020,,,,MRFT-10-3,OKURA OLM KAINO ET,313046,,26 Aug 2020,,,M,Bobbied
408,PQVV-18-96,152,42,200,15,A1/A2,26 Aug 2020,,,,MRFT-14-99,BONACORD MURMUR BOLT,313016,,26 Aug 2020,,,M,Bobbied
38,PQWH-12-61,135,58,131,73,A1/A2,27 Aug 2020,,,,HJTQ-09-185,RIVERVIEW RAIDER,511031,,27 Aug 2020,,,M,Bobbied
49,PQVV-14-88,121,54,226,66,A1/A2,27 Aug 2020,,,,HJTQ-10-109,CUTFORTHS LORD BRIAN,506063,,27 Aug 2020,,,M,Bobbied
106,PQVV-17-39,189,46,330,40,A2/A2,27 Aug 2020,,,,PQVV-14-58,OKURA GOLDIE INDEX,312034,PQVV-20-129,27 Aug 2020,245,25,M,Reared
139,PQVV-18-64,182,44,181,16,A2/A2,27 Aug 2020,,,107,WTNG-14-53,BELLS CM CONRAD S2J,312057,,27 Aug 2020,,,M,Bobbied
229,MRFT-12-72,150,59,125,72,A1/A2,27 Aug 2020,,,,CRYR-04-9,ST PETERS OBSIDIAN,510016,PQVV-20-32,27 Aug 2020,234,29,F,Reared
256,PQVV-17-3,173,47,147,40,A1/A2,27 Aug 2020,,,,PQVV-14-91,OKURA LT INTEGRITY,311013,PQVV-20-30,27 Aug 2020,251,33,F,Reared
295,MQVR-17-34,247,52,199,42,A1/A2,27 Aug 2020,,,,HJTQ-09-31,OKURA LT INTEGRITY,311013,,27 Aug 2020,,,M,Bobbied
347,WTNG-14-65,94,50,64,58,A1/A2,27 Aug 2020,,,,MQVR-11-83,HOWIES CHECKPOINT,508077,,27 Aug 2020,,,M,Bobbied
366,MRFT-12-13,210,59,422,73,A1/A2,27 Aug 2020,,,,FVVY-04-187,ST PETERS OBSIDIAN,510016,,27 Aug 2020,,,M,Bobbied
390,PQVV-12-105,134,57,-13,71,A1/A2,27 Aug 2020,,,,HJTQ-06-167,WAIWIRA WARLORD,511038,PQVV-20-31,27 Aug 2020,232,36,F,Reared
392,PQVV-18-147,162,27,156,10,A1/A1,27 Aug 2020,,,457,PQVV-16-39,,HKYM-16-89,,27 Aug 2020,,,M,Bobbied
398,WTNG-15-72,87,21,248,50,A1/A2,27 Aug 2020,,,,,,,PQVV-20-29,27 Aug 2020,195,19,F,Reared
420,MRFT-14-98,131,55,224,65,A1/A2,27 Aug 2020,,,,MQVR-08-69,CUTFORTHS LORD BRIAN,506063,,27 Aug 2020,,,M,Bobbied
423,PQVV-14-120,34,22,126,55,A1/A2,27 Aug 2020,,,,,,,PQVV-20-128,27 Aug 2020,165,21,M,Reared
424,PQVV-18-154,184,28,172,10,A2/A2,27 Aug 2020,,,202,PQVV-16-62,,HKYM-16-24,,27 Aug 2020,,,M,Bobbied
455,PQVV-16-11,163,54,180,59,A1/A2,27 Aug 2020,,,213,PQVV-13-1,BOURKES LRT RIPPER,311044,,27 Aug 2020,,,M,Bobbied
13,PQVV-18-35,138,42,140,15,A2/A2,28 Aug 2020,,,,MQVR-10-26,FICHTL 5-STAR SULTAN S3J,313040,,28 Aug 2020,,,M,Bobbied
40,MQVR-14-36,158,56,190,68,A1/A2,28 Aug 2020,,,,HJTQ-09-37,ANNALYSER,509116,PQVV-20-35,28 Aug 2020,238,29,F,Reared
52,PQVV-17-18,117,42,53,38,A1/A2,28 Aug 2020,,,,,BELLS CM CONRAD S2J,312057,PQVV-20-127,28 Aug 2020,215,33,M,Reared
131,PQWH-18-60,197,44,190,16,A2/A2,28 Aug 2020,,,,HJTQ-13-6,BELLS CM CONRAD S2J,312057,,28 Aug 2020,,,M,Bobbied
167,PQVV-14-93,96,32,144,58,A1/A2,28 Aug 2020,,,,HJTQ-06-153,CUTFORTHS LORD BRIAN,506063,,28 Aug 2020,,,M,Bobbied
215,HKYM-18-109,230,42,225,15,,28 Aug 2020,,,,HKYM-14-27,BONACORD MURMUR BOLT,313016,,28 Aug 2020,,,M,Bobbied
244,MRFT-15-29,128,52,162,60,A1/A2,28 Aug 2020,,,,MRFT-09-17,TIRONUI MEGANEV,307055,PQVV-20-37,28 Aug 2020,212,29,F,Reared
270,MQVR-17-19,203,52,181,41,A1/A2,28 Aug 2020,,,40,MQVR-14-36,CHARDONNAY FRANKIE,312014,PQVV-20-36,28 Aug 2020,257,36,F,Reared
289,PQVV-15-69,211,51,371,58,A1/A2,28 Aug 2020,,,,PQVV-12-85,WILLAND SIA DUETTO,310034,,28 Aug 2020,,,M,Bobbied
293,WTNG-18-4,200,43,215,15,,28 Aug 2020,,,,WTNG-12-39,PRIESTS SIERRA,511011,,28 Aug 2020,,,M,Bobbied
359,MQVR-17-50,169,52,144,42,A1/A2,28 Aug 2020,,,6,MQVR-13-22,BELLS CM CONRAD S2J,312057,,28 Aug 2020,,,M,Bobbied
363,PQVV-16-27,208,53,226,56,A2/A2,28 Aug 2020,,,,PQVV-12-4,BOURKES LRT RIPPER,311044,PQVV-20-34,28 Aug 2020,268,35,F,Reared
378,PQVV-16-66,95,28,69,46,A2/A2,28 Aug 2020,,,,PQVV-13-100,SOUTH LAND JERICHO ET S3J,311019,,28 Aug 2020,,,M,Bobbied
431,PQVV-18-14,150,44,126,16,,28 Aug 2020,,,154,MRFT-09-27,BELLS CM CONRAD S2J,312057,,28 Aug 2020,,,M,Bobbied
433,MRFT-15-5,93,54,45,63,A1/A2,28 Aug 2020,,,,MRFT-09-124,TAWA GROVE KRC TANA,309030,,28 Aug 2020,,,M,Bobbied
461,PQVV-18-153,142,15,168,6,,28 Aug 2020,,,63,WTNG-16-56,,,,28 Aug 2020,,,M,Bobbied
466,MRFT-12-24,173,53,207,71,A2/A2,28 Aug 2020,,,,MRFT-08-114,HOWIES CHECKPOINT,508077,,28 Aug 2020,,,M,Bobbied
100,PQVV-16-69,224,53,189,56,A2/A2,29 Aug 2020,,,,MQVR-09-76,OKURA LT INTEGRITY,311013,,29 Aug 2020,,,M,Bobbied
143,MRFT-13-38,64,56,-45,71,A1/A1,29 Aug 2020,,,,FVVY-04-179,IL VERO AMORE POWER,511041,,29 Aug 2020,,,M,Bobbied
206,PQVV-16-64,180,55,26,59,A2/A2,29 Aug 2020,,,,HJTQ-10-132,BOURKES LRT RIPPER,311044,,29 Aug 2020,,,M,Died
409,PQVV-16-4,153,54,167,59,A2/A2,29 Aug 2020,,,,PQVV-12-23,KELLAND KC SPEEDWAY,309012,PQVV-20-38,29 Aug 2020,255,29,F,Reared
416,MRFT-15-93,211,53,230,59,A1/A2,29 Aug 2020,,,,MRFT-12-114,HILLSTAR LOT JESTER S3J,308128,PQVV-20-39,29 Aug 2020,120,13,F,Reared
463,PQVV-18-29,212,45,253,16,A2/A2,29 Aug 2020,,,6,MQVR-13-22,OKURA GOLDIE INDEX,312034,,29 Aug 2020,,,M,Bobbied
78,MRFT-17-95,173,50,214,41,A1/A2,30 Aug 2020,,,358,MRFT-14-112,BELLS CM CONRAD S2J,312057,PQVV-20-40,30 Aug 2020,102,13,F,Reared
124,PQVV-16-10,142,57,46,60,A2/A2,30 Aug 2020,,,,MRFT-09-110,LYNBROOK TERRIFIC ET S3J,309084,,30 Aug 2020,,,M,Bobbied
125,PQVV-18-28,129,44,123,15,A2/A2,30 Aug 2020,,,,HJTQ-10-187,BELLS CM CONRAD S2J,312057,,30 Aug 2020,,,M,Bobbied
166,PQVV-16-53,190,55,87,58,A2/A2,30 Aug 2020,,,,PQVV-13-31,LYNBROOK TERRIFIC ET S3J,309084,PQVV-20-42,30 Aug 2020,118,14,F,Reared
203,PQVV-15-46,195,51,254,57,A1/A2,30 Aug 2020,,,,HJTQ-08-254,HILLSTAR LOT JESTER S3J,308128,,30 Aug 2020,,,M,Bobbied
291,MRFT-15-24,96,57,50,62,A1/A2,30 Aug 2020,,,,MRFT-07-48,KELLAND KC SPEEDWAY,309012,PQVV-20-43,30 Aug 2020,204,37,F,Reared
340,MRFT-10-11,10,58,34,74,A1/A2,30 Aug 2020,,,,GDQD-04-62,LYNBROOK OM TALENT ET S3J,306083,,30 Aug 2020,,,M,Bobbied
412,MRFT-13-20,95,56,126,71,A1/A2,30 Aug 2020,,,,MRFT-07-56,CAWDOR PHAROAH,511045,,30 Aug 2020,,,M,Bobbied
439,MQVR-13-52,153,57,208,71,A1/A1,30 Aug 2020,,,,HJTQ-08-511,PAYNES PROPAGATOR,510014,PQVV-20-41,30 Aug 2020,99,14,F,Reared
456,PQVV-16-51,180,56,246,59,A2/A2,30 Aug 2020,,,336,PQVV-13-86,LYNBROOK TERRIFIC ET S3J,309084,,30 Aug 2020,,,F,Died
14,WTNG-18-6,213,44,211,15,,31 Aug 2020,,,,WTNG-13-23,PRIESTS SIERRA,511011,,31 Aug 2020,,,M,Bobbied
67,PQVV-17-8,120,25,146,33,A1/A2,31 Aug 2020,,,338,PQVV-12-54,LYNBROOK GG QUICKSILVER,312059,PQVV-20-47,31 Aug 2020,239,21,F,Reared
96,HKYM-18-122,185,40,207,14,A1/A2,31 Aug 2020,,,,WTNG-12-8,ARKANS BEAUT ET,511026,,31 Aug 2020,,,M,Bobbied
149,PQVV-18-152,163,28,148,10,A2/A2,31 Aug 2020,,,456,PQVV-16-51,,HKYM-16-68,,31 Aug 2020,,,M,Bobbied
168,PQVV-18-124,129,15,147,5,A1/A2,31 Aug 2020,,,184,PQVV-14-21,MAKARIOS MURMUR LAZARUS,313010,,31 Aug 2020,,,M,Bobbied
180,PQVV-18-157,131,15,125,5,A2/A2,31 Aug 2020,,,133,PQVV-16-9,,,,31 Aug 2020,,,M,Bobbied
221,MRFT-13-26,98,56,29,71,A1/A2,31 Aug 2020,,,,MRFT-07-29,CAWDOR PHAROAH,511045,PQVV-20-126,31 Aug 2020,200,28,M,Reared
259,PQVV-15-79,152,52,326,60,A1/A2,31 Aug 2020,,,,HJTQ-10-475,WILLAND SIA DUETTO,310034,,31 Aug 2020,,,M,Bobbied
268,PQVV-18-87,196,41,209,15,A1/A2,31 Aug 2020,,,415,MRFT-14-68,OKURA OLM KAINO ET,313046,,31 Aug 2020,,,M,Bobbied
275,PQVV-14-82,194,54,179,64,A1/A2,31 Aug 2020,,,,HJTQ-10-498,AMBROSE SUPER STAN,509047,,31 Aug 2020,,,M,Bobbied
283,MRFT-14-21,95,22,322,55,A1/A1,31 Aug 2020,,,,,,,PQVV-20-45,31 Aug 2020,195,21,F,Reared
360,PQVV-16-42,133,53,169,56,A2/A2,31 Aug 2020,,,,HJTQ-10-202,SOUTH LAND JERICHO ET S3J,311019,PQVV-20-46,31 Aug 2020,246,28,F,Reared
452,WTNG-16-19,156,54,127,59,,31 Aug 2020,,,,WTNG-13-8,MOODYS EXECUTIVE,511052,,31 Aug 2020,,,M,Bobbied
473,PQVV-17-49,220,52,95,41,A1/A2,31 Aug 2020,,,313,PQVV-13-37,LYNBROOK GG QUICKSILVER,312059,PQVV-20-44,31 Aug 2020,280,29,F,Reared
487,PQWH-18-2,146,42,125,15,A2/A2,31 Aug 2020,,,,MRFT-13-15,BELLS CM CONRAD S2J,312057,,31 Aug 2020,,,M,Bobbied
497,PQVV-18-112,180,40,178,15,A1/A2,31 Aug 2020,,,186,MRFT-14-55,MAKARIOS MURMUR LAZARUS,313010,,31 Aug 2020,,,M,Bobbied
3,PQVV-14-51,93,55,82,64,A1/A2,01 Sep 2020,,,,HJTQ-10-475,CUTFORTHS LORD BRIAN,506063,,01 Sep 2020,,,M,Bobbied
57,PQVV-16-71,153,53,254,58,A1/A2,01 Sep 2020,,,,HJTQ-10-103,SOUTH LAND JERICHO ET S3J,311019,PQVV-20-125,01 Sep 2020,225,29,M,Reared
173,PQVV-16-52,152,52,-6,56,A2/A2,01 Sep 2020,,,,PQVV-12-61,SOUTH LAND JERICHO ET S3J,311019,,01 Sep 2020,,,M,Died
178,PQVV-13-27,172,55,256,69,A1/A1,01 Sep 2020,,,,HJTQ-09-308,ASHVALES DOUBLESHOT,512010,PQVV-20-48,01 Sep 2020,265,29,F,Reared
312,PQVV-14-67,160,34,336,59,A1/A2,01 Sep 2020,,,,HJTQ-04-33,,,,01 Sep 2020,,,M,Bobbied
220,PQVV-16-7,182,53,176,59,A2/A2,02 Sep 2020,,,152,HJTQ-09-324,BOURKES LRT RIPPER,311044,PQVV-20-49,02 Sep 2020,255,35,F,Reared
245,HKYM-18-46,271,43,265,15,A2/A2,02 Sep 2020,,,,HKYM-13-39,BONACORD MURMUR BOLT,313016,PQVV-20-51,02 Sep 2020,151,11,F,Reared
250,MRFT-12-67,95,55,164,71,A1/A2,02 Sep 2020,,,,JMNG-04-70,MATAHUI NOBLE,511006,,02 Sep 2020,,,M,Bobbied
272,PQVV-18-126,83,41,105,15,A1/A2,02 Sep 2020,,,,MRFT-11-15,FICHTL 5-STAR SULTAN S3J,313040,,02 Sep 2020,,,M,Bobbied
274,HKYM-18-86,188,46,168,17,A2/A2,02 Sep 2020,,,,HKYM-14-162,KELLAND KC SPEEDWAY,309012,,02 Sep 2020,,,M,Bobbied
299,MRFT-15-21,174,52,169,58,A1/A1,02 Sep 2020,,,229,MRFT-12-72,TIRONUI MEGANEV,307055,PQVV-20-50,02 Sep 2020,251,35,F,Reared
305,PQVV-18-68,194,41,226,15,A2/A2,02 Sep 2020,,,,MRFT-13-109,BONACORD MURMUR BOLT,313016,,02 Sep 2020,,,F,Died
4,PQVV-17-72,237,52,244,41,A1/A2,03 Sep 2020,,,141,WTNG-14-13,OKURA LT INTEGRITY,311013,,03 Sep 2020,,,M,Bobbied
71,MQVR-13-69,80,56,89,71,A1/A2,03 Sep 2020,,,,HJTQ-10-483,TEN OAKS SEA-JAY,511012,PQVV-20-56,03 Sep 2020,184,30,F,Reared
74,PQVV-15-70,169,52,323,60,A1/A2,03 Sep 2020,,,,MRFT-09-92,WILLAND SIA DUETTO,310034,PQVV-20-57,03 Sep 2020,235,27,F,Reared
77,PQVV-17-63,216,52,309,42,A2/A2,03 Sep 2020,,,,PQVV-13-95,CHARDONNAY FRANKIE,312014,,03 Sep 2020,,,M,Bobbied
91,MQVR-14-8,193,56,316,68,A1/A2,03 Sep 2020,,,97,MRFT-10-9,HOWIES EASYRIDER,508140,PQVV-20-53,03 Sep 2020,247,28,F,Reared
110,MRFT-15-96,118,51,207,61,A1/A2,03 Sep 2020,,,,MRFT-07-13,KELLAND KC SPEEDWAY,309012,PQVV-20-54,03 Sep 2020,223,34,F,Reared
137,HKYM-18-70,233,44,255,15,A2/A2,03 Sep 2020,,,,WTNG-15-12,PRIESTS SIERRA,511011,,03 Sep 2020,,,M,Bobbied
179,PQWH-18-97,185,41,201,15,A2/A2,03 Sep 2020,,,,HJTQ-14-72,KAIMATARAU INDY GOLLUM,313006,,03 Sep 2020,,,M,Bobbied
199,PQVV-17-35,188,45,111,39,A2/A2,03 Sep 2020,,,,HJTQ-10-446,OKURA LT INTEGRITY,311013,PQVV-20-59,03 Sep 2020,258,33,F,Reared
324,HJTQ-17-35,228,53,255,42,,03 Sep 2020,,,,HJTQ-07-231,LYNBROOK GG QUICKSILVER,312059,PQVV-20-55,03 Sep 2020,129,13,F,Reared
349,MRFT-15-43,132,54,201,63,A1/A2,03 Sep 2020,,,,MRFT-11-30,TIRONUI MEGANEV,307055,,03 Sep 2020,,,M,Bobbied
384,MRFT-14-100,89,51,-26,64,A1/A2,03 Sep 2020,,,,MRFT-10-61,AMBROSE SUPER STAN,509047,PQVV-20-58,03 Sep 2020,196,27,F,Reared
403,PQVV-18-145,205,28,202,10,A2/A2,03 Sep 2020,,,34,PQVV-16-12,,HKYM-16-99,,03 Sep 2020,,,M,Bobbied
435,MRFT-16-7,108,49,-43,57,,03 Sep 2020,,,,MRFT-11-73,HILLSTAR LOT JESTER S3J,308128,,03 Sep 2020,,,M,Bobbied
479,PQVV-17-33,260,52,296,41,A2/A2,03 Sep 2020,,,,PQVV-13-23,LYNBROOK GG QUICKSILVER,312059,PQVV-20-52,03 Sep 2020,278,28,F,Reared
98,PQVV-17-26,218,53,266,42,A2/A2,04 Sep 2020,,,,HJTQ-09-355,LYNBROOK GG QUICKSILVER,312059,PQVV-20-124,04 Sep 2020,279,30,M,Reared
126,PQVV-16-56,200,54,250,59,A1/A2,04 Sep 2020,,,,HJTQ-06-307,OKURA LT INTEGRITY,311013,PQVV-20-62,04 Sep 2020,251,28,F,Reared
128,MQVR-16-60,185,55,176,59,A1/A2,04 Sep 2020,,,,HJTQ-09-37,BOURKES LRT RIPPER,311044,PQVV-20-123,04 Sep 2020,271,29,M,Reared
209,HJTQ-18-9,128,44,110,16,A2/A2,04 Sep 2020,,,,HJTQ-10-369,BELLS CM CONRAD S2J,312057,,04 Sep 2020,,,M,Bobbied
227,MRFT-15-112,96,26,170,51,A1/A2,04 Sep 2020,,,,HJTQ-12-63,,,PQVV-20-61,04 Sep 2020,212,28,F,Reared
320,MQVR-17-23,187,52,299,42,A1/A2,04 Sep 2020,,,,MQVR-10-76,OKURA GOLDIE INDEX,312034,PQVV-20-63,04 Sep 2020,109,13,F,Reared
365,MRFT-14-61,121,56,28,68,A1/A2,04 Sep 2020,,,,MRFT-07-24,ARKANS PROMOTER,510003,PQVV-20-60,04 Sep 2020,209,29,F,Reared
237,PQVV-18-121,97,16,136,6,A2/A2,05 Sep 2020,,,,MQVR-13-35,,,,05 Sep 2020,,,M,Bobbied
298,MRFT-14-18,154,57,141,67,A1/A2,05 Sep 2020,,,,MRFT-07-29,HOWIES CHECKPOINT,508077,,05 Sep 2020,,,M,Bobbied
328,MRFT-14-69,93,57,115,68,A1/A2,05 Sep 2020,,,,FPLG-04-171,CUTFORTHS LORD BRIAN,506063,,05 Sep 2020,,,M,Died
370,MRFT-10-72,53,58,106,74,A1/A2,05 Sep 2020,,,,CQGN-04-29,OKURA LFB IVINS ET,305076,PQVV-20-66,05 Sep 2020,183,37,F,Reared
538,MRFT-12-81,150,56,53,69,A1/A1,05 Sep 2020,,,,MRFT-07-92,MATAHUI NOBLE,511006,PQVV-20-67,05 Sep 2020,239,36,F,Reared
103,WTNG-17-61,154,50,290,41,A1/A1,06 Sep 2020,,,,FMD-11-181,PILSENS TITAN,513055,PQVV-20-121,06 Sep 2020,100,13,M,Reared
121,MRFT-15-9,67,15,222,32,A1/A2,06 Sep 2020,,,,,,,,06 Sep 2020,,,M,Bobbied
152,HJTQ-09-324,102,54,240,72,A1/A2,06 Sep 2020,,,,HJTQ-03-51,LYNBROOK TRADEMARK S3J,305055,,06 Sep 2020,,,M,Bobbied
172,MRFT-12-108,58,36,164,65,A1/A2,06 Sep 2020,,,,FTWV-04-12,,,PQVV-20-71,06 Sep 2020,52,9,F,Reared
177,PQVV-14-30,118,56,4,63,A1/A2,06 Sep 2020,,,,HJTQ-11-103,PRIESTS SOLARIS-ET,508154,PQVV-20-73,06 Sep 2020,203,30,F,Reared
197,PQVV-14-62,147,56,102,66,A1/A2,06 Sep 2020,,,,HJTQ-10-197,ARKANS PROMOTER,510003,,06 Sep 2020,,,F,Died
200,MRFT-13-105,148,59,237,72,A2/A2,06 Sep 2020,,,,MRFT-08-16,HOWIES CHECKPOINT,508077,,06 Sep 2020,,,M,Bobbied
219,PQVV-16-30,138,50,133,56,A2/A2,06 Sep 2020,,,294,PQVV-13-24,KELLAND KC SPEEDWAY,309012,PQVV-20-72,06 Sep 2020,227,34,F,Reared
252,MRFT-13-110,16,36,-62,65,A1/A1,06 Sep 2020,,,,FPLG-04-272,,,,06 Sep 2020,,,M,Bobbied
296,PQVV-14-54,144,55,285,66,,06 Sep 2020,,,,HJTQ-06-269,WERDERS EXCELLENCE,509025,PQVV-20-69,06 Sep 2020,216,29,F,Reared
331,PQVV-18-123,218,41,198,15,A1/A2,06 Sep 2020,,,204,MQVR-13-45,MAKARIOS MURMUR LAZARUS,313010,,06 Sep 2020,,,M,Bobbied
361,PQVV-17-4,155,51,123,41,A2/A2,06 Sep 2020,,,,HJTQ-11-326,WILLAND LT DYNAMO,311029,PQVV-20-68,06 Sep 2020,246,28,F,Reared
391,PQVV-17-69,177,51,205,41,A1/A2,06 Sep 2020,,,,PQVV-14-70,CHARDONNAY FRANKIE,312014,PQVV-20-65,06 Sep 2020,257,29,F,Reared
411,PQVV-16-34,152,53,105,58,A2/A2,06 Sep 2020,,,,MQVR-09-22,SOUTH LAND JERICHO ET S3J,311019,PQVV-20-64,06 Sep 2020,255,28,F,Reared
453,HJTQ-12-112,76,55,165,72,A2/A2,06 Sep 2020,,,,HJTQ-09-2,ALCAMENO DOMINION ET,511009,PQVV-20-70,06 Sep 2020,194,37,F,Reared
53,PQVV-16-60,142,53,179,56,A2/A2,07 Sep 2020,,,,MQVR-09-82,SOUTH LAND JERICHO ET S3J,311019,PQVV-20-74,07 Sep 2020,87,13,F,Reared
317,MQVR-16-1,161,54,274,56,A1/A2,07 Sep 2020,,,54,MQVR-13-14,KELLAND KC SPEEDWAY,309012,,07 Sep 2020,,,M,Bobbied
367,MRFT-12-74,130,51,185,70,A1/A2,07 Sep 2020,,,,HJTQ-06-30,TANIWHA THUNDERBOLT,510007,,07 Sep 2020,,,M,Bobbied
459,PQVV-18-80,152,37,199,13,A2/A2,07 Sep 2020,,,,MRFT-09-125,OKURA GOLDIE INDEX,312034,,07 Sep 2020,,,M,Bobbied
492,PQVV-18-95,181,44,225,15,A2/A2,07 Sep 2020,,,328,MRFT-14-69,OKURA GOLDIE INDEX,312034,,07 Sep 2020,,,M,Bobbied
226,MRFT-14-107,107,54,194,65,A1/A2,08 Sep 2020,,,,MRFT-10-103,CUTFORTHS LORD BRIAN,506063,PQVV-20-75,08 Sep 2020,197,29,F,Reared
419,MQVR-14-12,162,53,199,60,A1/A2,08 Sep 2020,,,,MRFT-10-2,AMBROSE SUPER STAN,509047,,08 Sep 2020,,,M,Bobbied
432,PQVV-12-28,119,58,-37,71,A1/A2,08 Sep 2020,,,,HJTQ-07-147,PAYNES PROPAGATOR,510014,,08 Sep 2020,,,M,Bobbied
447,PQVV-16-63,131,29,219,48,A2/A2,08 Sep 2020,,,,PQVV-14-74,LYNBROOK TERRIFIC ET S3J,309084,,08 Sep 2020,,,M,Bobbied
1,MQVR-14-26,69,51,-12,64,A1/A2,,,,,HJTQ-06-438,CUTFORTHS LORD BRIAN,506063,,,,,,
5,MRFT-17-61,136,45,123,39,,,,15 Sep 2020,,MRFT-09-125,WILLAND LT DYNAMO,311029,,,,,,
6,MQVR-13-22,154,60,130,72,A1/A2,,,16 Sep 2020,,HJTQ-03-240,HOWIES CHECKPOINT,508077,,,,,,
8,PQVV-18-149,207,27,194,10,A2/A2,,,,462,HJTQ-16-53,,HKYM-16-67,,,,,,
9,PQVV-17-60,242,51,324,41,A1/A2,,,,,PQVV-12-85,OKURA LT INTEGRITY,311013,,,,,,
10,PQVV-17-50,180,42,191,38,A2/A2,,,,,,LYNBROOK GG QUICKSILVER,312059,,,,,,
12,MQVR-14-7,167,55,149,66,A1/A2,,,16 Aug 2020,,HJTQ-11-345,ANNALYSER,509116,,,,,,
18,PQVV-13-53,124,58,160,71,A1/A2,,,12 Sep 2020,,HJTQ-07-260,WARDS INTENSITY,512011,,,,,,
19,HKYM-18-21,247,44,258,15,,,,,,WTNG-15-35,PRIESTS SIERRA,511011,,,,,,
20,MQVR-17-17,237,53,389,42,A1/A2,,,,,HJTQ-07-133,OKURA LT INTEGRITY,311013,,,,,,
21,PQVV-17-59,217,51,247,41,A2/A2,,,12 Sep 2020,,PQVV-14-29,OKURA GOLDIE INDEX,312034,,,,,,
23,MQVR-14-44,175,37,468,60,A1/A2,,,07 Sep 2020,,HJTQ-03-256,ANNALYSER,509116,,,,,,
25,PQVV-16-70,76,33,134,52,A1/A2,,,,,HJTQ-10-96,OKURA LT INTEGRITY,311013,,,,,,
26,PQVV-17-61,171,52,274,41,A1/A2,,,,336,PQVV-13-86,OKURA GOLDIE INDEX,312034,,,,,,
27,PQVV-15-62,158,52,162,60,A1/A2,,,,,HJTQ-08-201,HILLSTAR LOT JESTER S3J,308128,,,,,,
28,WTNG-17-69,138,50,111,41,A1/A2,,,,,WTNG-12-85,ARKANS INSTIGATOR,512051,,,,,,
29,MQVR-13-28,128,57,209,68,A1/A2,,,30 Aug 2020,,HJTQ-10-11,ALCAMENO COMMANDER,512006,,,,,,
30,,54,0,71,0,,,,13 Sep 2020,,,,,,,,,,
31,PQWH-17-101,150,51,108,41,,,,09 Sep 2020,,PQWH-13-59,BELLS CM CONRAD S2J,312057,,,,,,
32,MQVR-14-41,150,55,171,66,A1/A2,,,16 Sep 2020,,HJTQ-10-496,ANNALYSER,509116,,,,,,
34,PQVV-16-12,209,56,303,59,A2/A2,,,10 Sep 2020,,PQVV-12-86,LYNBROOK TERRIFIC ET S3J,309084,,,,,,
36,PQVV-17-88,192,51,205,41,A1/A2,,,,402,PQVV-14-2,OKURA GOLDIE INDEX,312034,,,,,,
41,MQVR-12-18,184,55,152,72,A1/A2,,,,,HJTQ-09-344,ST PETERS OBSIDIAN,510016,,,,,,
42,WTNG-17-46,143,51,240,41,A1/A1,,,12 Sep 2020,,WTNG-12-58,ARKANS INSTIGATOR,512051,,,,,,
43,PQVV-13-36,180,56,129,70,A1/A2,,,16 Aug 2020,,HJTQ-08-75,ARKANS PROMOTER,510003,,,,,,
47,PQVV-16-21,224,53,206,50,A2/A2,,,26 Aug 2020,,HJTQ-10-134,BOURKES LRT RIPPER,311044,,,,,,
50,MRFT-18-70,180,39,225,14,,,,,,MRFT-08-114,OKURA GOLDIE INDEX,312034,,,,,,
51,PQVV-15-84,167,50,319,57,A1/A2,,,12 Sep 2020,,HJTQ-10-86,WILLAND SIA DUETTO,310034,,,,,,
54,MQVR-13-14,126,57,223,72,A1/A1,,,,,MQVR-10-60,IL VERO AMORE POWER,511041,,,,,,
55,WTNG-17-39,117,51,41,41,A1/A2,,,,,MQVR-11-58,DRYSDALES SOVEREIGN,511051,,,,,,
56,MQVR-13-72,110,57,224,72,A1/A2,,,,,HJTQ-04-98,TEN OAKS SEA-JAY,511012,,,,,,
61,MQVR-15-14,170,34,327,57,A1/A2,,,,,HJTQ-07-172,OKURA NN LURE,308508,,,,,,
62,PQVV-17-22,211,48,230,40,A2/A2,,,05 Sep 2020,23,MQVR-14-44,CHARDONNAY FRANKIE,312014,,,,,,
63,WTNG-16-56,208,54,359,59,,,,,,WTNG-13-13,DRYSDALES SOVEREIGN,511051,,,,,,
64,PQVV-18-56,186,42,192,15,A2/A2,,,,,MQVR-10-21,BONACORD MURMUR BOLT,313016,,,,,,
65,PQVV-17-44,138,51,-114,41,A2/A2,,,14 Sep 2020,177,PQVV-14-30,BELLS CM CONRAD S2J,312057,,,,,,
66,MQVR-15-31,203,56,40,63,A1/A2,,,09 Sep 2020,269,MQVR-12-19,PUKEROA TGM MANZELLO,308533,,,,,,
68,PQVV-17-94,182,51,163,41,A1/A2,,,15 Sep 2020,178,PQVV-13-27,BELLS CM CONRAD S2J,312057,,,,,,
70,PQVV-14-71,152,56,431,64,A1/A2,,,03 Sep 2020,,HJTQ-10-126,CUTFORTHS LORD BRIAN,506063,,,,,,
72,WTNG-17-27,178,53,306,42,A1/A1,,,14 Sep 2020,,MQVR-11-86,ARKANS PERSPECTIVE-ET,512050,,,,,,
79,WTNG-17-52,174,50,130,41,A1/A2,,,02 Sep 2020,,WTNG-14-6,PILSENS TITAN,513055,,,,,,
80,PQVV-15-12,161,52,118,60,A1/A2,,,07 Sep 2020,,HJTQ-11-87,KELLAND KC SPEEDWAY,309012,,,,,,
84,PQVV-17-78,208,52,209,41,A1/A2,,,27 Aug 2020,,HJTQ-11-55,OKURA LT INTEGRITY,311013,,,,,,
85,PQVV-16-58,143,53,160,58,A1/A2,,,,432,PQVV-12-28,SOUTH LAND JERICHO ET S3J,311019,,,,,,
86,PQVV-12-47,134,54,154,68,A1/A2,,,31 Aug 2020,,HJTQ-08-337,ARKANS BLOCKBUSTER,511028,,,,,,
88,PQVV-17-51,111,46,-7,40,A2/A2,,,03 Sep 2020,,PQVV-13-64,BELLS CM CONRAD S2J,312057,,,,,,
89,PQWH-18-88,121,42,123,15,A2/A2,,,,,HJTQ-10-351,FICHTL 5-STAR SULTAN S3J,313040,,,,,,
93,PQVV-17-7,176,52,226,41,A2/A2,,,,213,PQVV-13-1,OKURA GOLDIE INDEX,312034,,,,,,
95,PQVV-17-32,254,51,406,41,A2/A2,,,13 Sep 2020,,PQVV-13-3,OKURA LT INTEGRITY,311013,,,,,,
99,MRFT-16-13,121,53,221,58,,,,04 Sep 2020,,MRFT-11-81,WILLAND LT DYNAMO,311029,,,,,,
104,PQVV-14-68,205,55,273,66,A1/A1,,,,,HJTQ-09-307,ARKANS PROMOTER,510003,,,,,,
105,PQVV-15-9,148,49,155,44,,,,,,HJTQ-08-65,HILLSTAR LOT JESTER S3J,308128,,,,,,
107,WTNG-14-53,172,57,241,67,A1/A2,,,15 Sep 2020,,GWBB-04-8,HOWIES CHECKPOINT,508077,,,,,,
108,HJTQ-17-48,57,13,147,29,,,,02 Sep 2020,,HJTQ-12-127,,,,,,,,
111,MRFT-14-97,98,52,163,67,A1/A1,,,,,MRFT-07-34,CUTFORTHS LORD BRIAN,506063,,,,,,
112,MRFT-14-111,182,56,116,68,A1/A2,,,14 Sep 2020,,MRFT-09-106,HOWIES CHECKPOINT,508077,,,,,,
113,PQVV-14-16,160,50,124,64,A1/A2,,,10 Sep 2020,,HJTQ-10-162,HOWIES EASYRIDER,508140,,,,,,
115,MRFT-13-25,119,57,207,71,A1/A1,,,,,MRFT-09-17,IL VERO AMORE POWER,511041,,,,,,
117,HJTQ-10-100,82,56,73,72,A1/A2,,,,,HJTQ-07-363,VALENTIA DL MACGYVER ET,305103,,,,,,
118,PQVV-15-17,184,51,301,60,A1/A2,,,12 Sep 2020,,MRFT-09-4,TAWA GROVE KRC TANA,309030,,,,,,
120,PQVV-17-64,229,52,330,41,A2/A2,,,13 Sep 2020,,PQVV-12-9,OKURA GOLDIE INDEX,312034,,,,,,
123,PQVV-17-15,195,51,184,41,A2/A2,,,,,HJTQ-11-10,WILLAND LT DYNAMO,311029,,,,,,
127,MRFT-14-34,186,56,356,67,A1/A2,,,06 Sep 2020,,MRFT-11-5,AMBROSE SUPER STAN,509047,,,,,,
129,PQVV-17-42,118,24,136,32,A2/A2,,,07 Sep 2020,,WTNG-15-74,,,,,,,,
133,PQVV-16-9,170,51,91,58,A2/A2,,,,,HJTQ-11-95,LYNBROOK TERRIFIC ET S3J,309084,,,,,,
134,PQVV-18-104,198,28,181,10,A2/A2,,,,192,PQVV-16-54,,HKYM-16-59,,,,,,
135,PQVV-15-32,102,48,31,59,A1/A2,,,12 Sep 2020,,HJTQ-10-509,TAWA GROVE KRC TANA,309030,,,,,,
136,PQVV-18-109,136,16,154,6,A2/A2,,,,166,PQVV-16-53,,,,,,,,
140,PQVV-16-5,191,55,87,59,A2/A2,,,25 Aug 2020,,HJTQ-10-481,BOURKES LRT RIPPER,311044,,,,,,
142,WTNG-17-40,195,53,217,42,A1/A2,,,,,WTNG-13-17,ARKANS BEAUT ET,511026,,,,,,
144,PQVV-17-67,214,52,257,42,A1/A2,,,03 Sep 2020,,HJTQ-10-202,OKURA LT INTEGRITY,311013,,,,,,
146,MQVR-13-39,109,36,208,65,A1/A2,,,15 Sep 2020,,HJTQ-07-15,WAIWIRA WARLORD,511038,,,,,,
148,HJTQ-18-75,143,41,165,15,,,,,,MQVR-14-30,FICHTL 5-STAR SULTAN S3J,313040,,,,,,
151,PQWH-18-27,189,43,211,15,A2/A2,,,,,PQWH-13-88,OKURA GOLDIE INDEX,312034,,,,,,
153,MRFT-14-116,69,33,131,59,A1/A2,,,,,HJTQ-06-204,,,,,,,,
154,MRFT-09-27,106,59,25,75,A1/A1,,,08 Sep 2020,,HJTQ-06-98,WILLAND LFB MATRIX ET,305156,,,,,,
155,HJTQ-11-18,177,58,244,73,A1/A2,,,16 Aug 2020,,HJTQ-05-387,GLENHAVEN TGM GENIUS S3J,306016,,,,,,
157,PQVV-18-105,169,29,170,10,A1/A2,,,,92,MQVR-16-28,,HKYM-16-93,,,,,,
158,PQVV-17-5,169,51,133,41,A2/A2,,,11 Sep 2020,,PQVV-12-80,WILLAND LT DYNAMO,311029,,,,,,
159,PQWH-12-60,152,53,319,72,A1/A2,,,16 Sep 2020,,HJTQ-09-250,HOWIES CHECKPOINT,508077,,,,,,
160,PQVV-17-2,164,51,-16,41,A2/A2,,,03 Sep 2020,,PQVV-13-17,BELLS CM CONRAD S2J,312057,,,,,,
162,MRFT-13-52,133,57,194,72,A1/A2,,,25 Aug 2020,,MRFT-10-118,ASHVALES DOUBLESHOT,512010,,,,,,
163,MRFT-13-51,103,19,400,54,A1/A2,,,14 Sep 2020,,,,,,,,,,
169,MQVR-17-49,261,52,278,42,A1/A2,,,30 Aug 2020,201,MQVR-14-23,OKURA LT INTEGRITY,311013,,,,,,
170,MRFT-12-85,104,56,128,71,A1/A2,,,15 Sep 2020,,FTWV-04-16,IL VERO AMORE POWER,511041,,,,,,
181,MQVR-17-37,252,52,248,42,A1/A2,,,09 Sep 2020,,MQVR-14-42,OKURA LT INTEGRITY,311013,,,,,,
182,PQVV-15-73,143,52,56,60,,,,,,PQVV-12-68,KELLAND KC SPEEDWAY,309012,,,,,,
183,MRFT-17-99,185,48,264,40,A1/A2,,,28 Aug 2020,,MRFT-10-88,CHARDONNAY FRANKIE,312014,,,,,,
184,PQVV-14-21,170,55,218,66,A1/A1,,,27 Aug 2020,418,HJTQ-11-43,AMBROSE SUPER STAN,509047,,,,,,
188,MQVR-13-67,183,57,226,72,A1/A2,,,,,HJTQ-08-437,HOWIES CHECKPOINT,508077,,,,,,
189,PQVV-17-47,180,52,132,41,A2/A2,,,16 Sep 2020,,PQVV-12-23,OKURA GOLDIE INDEX,312034,,,,,,
191,MQVR-15-56,110,50,19,62,A1/A2,,,16 Sep 2020,,MRFT-10-97,ASHVALE PMI SMAUG-ET JC14,314501,,,,,,
192,PQVV-16-54,207,54,317,57,A2/A2,,,,,HJTQ-08-154,BOURKES LRT RIPPER,311044,,,,,,
194,WTNG-14-37,183,56,342,67,A1/A2,,,,,FVVY-04-172,HOWIES CHECKPOINT,508077,,,,,,
196,PQVV-14-28,125,56,142,66,A1/A2,,,,,HJTQ-07-363,CUTFORTHS LORD BRIAN,506063,,,,,,
198,PQVV-12-46,201,58,339,72,A1/A2,,,29 Aug 2020,330,HJTQ-09-5,ST PETERS OBSIDIAN,510016,,,,,,
201,MQVR-14-23,198,58,225,68,A1/A2,,,08 Sep 2020,,HJTQ-10-36,HOWIES CHECKPOINT,508077,,,,,,
202,PQVV-16-62,200,56,176,60,A2/A2,,,11 Sep 2020,,PQVV-13-83,LYNBROOK TERRIFIC ET S3J,309084,,,,,,
205,PQVV-17-23,220,48,97,40,A1/A2,,,03 Sep 2020,,PQVV-12-8,OKURA LT INTEGRITY,311013,,,,,,
207,PQVV-16-3,196,54,175,59,A2/A2,,,03 Sep 2020,,HJTQ-07-136,BOURKES LRT RIPPER,311044,,,,,,
208,PQWH-18-73,100,42,101,15,A2/A2,,,,,MRFT-09-72,MAKARIOS MURMUR LAZARUS,313010,,,,,,
210,PQWH-18-89,215,41,209,15,A2/A2,,,,,PQWH-12-21,OKURA OLM KAINO ET,313046,,,,,,
211,MRFT-14-101,128,54,186,66,A1/A1,,,26 Aug 2020,,HJTQ-10-93,AMBROSE SUPER STAN,509047,,,,,,
212,MQVR-18-63,128,16,155,6,,,,,,WTNG-15-17,,,,,,,,
213,PQVV-13-1,75,58,79,71,A1/A2,,,,,HJTQ-10-464,REYLANDS NAVIGATOR,512031,,,,,,
214,MQVR-15-44,169,55,153,62,,,,14 Sep 2020,,MQVR-09-72,PUKEROA TGM MANZELLO,308533,,,,,,
216,PQVV-17-58,233,52,201,41,A1/A2,,,25 Aug 2020,197,PQVV-14-62,OKURA LT INTEGRITY,311013,,,,,,
218,PQVV-17-12,181,51,286,41,A1/A2,,,,,HJTQ-08-410,WILLAND LT DYNAMO,311029,,,,,,
222,PQVV-17-89,224,52,146,42,A1/A2,,,,,HJTQ-10-481,OKURA LT INTEGRITY,311013,,,,,,
223,HJTQ-17-76,125,26,129,33,,,,11 Sep 2020,,HJTQ-09-253,LYNBROOK GG QUICKSILVER,312059,,,,,,
224,WTNG-16-36,124,54,135,59,,,,12 Sep 2020,,WTNG-12-12,DRYSDALES SOVEREIGN,511051,,,,,,
228,PQVV-14-38,162,55,312,66,A1/A2,,,,,HJTQ-07-218,CUTFORTHS LORD BRIAN,506063,,,,,,
231,PQVV-16-1,156,54,-30,59,A1/A2,,,29 Aug 2020,,HJTQ-11-39,BOURKES LRT RIPPER,311044,,,,,,
232,MRFT-12-163,31,25,75,62,A1/A1,,,06 Sep 2020,,,,,,,,,,
233,WTNG-17-43,234,54,362,42,A1/A2,,,21 Aug 2020,,WTNG-12-46,ARKANS BEAUT ET,511026,,,,,,
235,PQVV-17-56,249,51,164,41,A1/A1,,,,,PQVV-14-13,OKURA LT INTEGRITY,311013,,,,,,
238,PQVV-14-55,113,54,37,65,A1/A2,,,15 Sep 2020,,HJTQ-11-51,WERDERS EXCELLENCE,509025,,,,,,
239,WTNG-17-32,130,51,107,41,A1/A2,,,10 Sep 2020,,MQVR-11-20,ARKANS INSTIGATOR,512051,,,,,,
241,PQVV-15-5,134,51,121,60,A1/A2,,,09 Sep 2020,,PQVV-12-33,WILLAND SIA DUETTO,310034,,,,,,
242,PQVV-17-53,187,51,210,41,A2/A2,,,03 Sep 2020,,PQVV-12-68,WILLAND LT DYNAMO,311029,,,,,,
243,MQVR-15-1,181,44,182,60,A1/A2,,,14 Sep 2020,,HJTQ-11-325,OKURA NN LURE,308508,,,,,,
246,MRFT-14-6,211,57,347,67,A1/A2,,,,,MRFT-09-117,HOWIES CHECKPOINT,508077,,,,,,
247,MRFT-12-22,151,56,237,72,A1/A2,,,08 Sep 2020,,MRFT-08-27,HOWIES CHECKPOINT,508077,,,,,,
249,MQVR-15-8,175,42,219,60,A1/A2,,,,,PQWH-12-57,OKURA NN LURE,308508,,,,,,
251,MRFT-13-82,123,53,274,70,A1/A2,,,,,YPT-04-5,WAIWIRA WARLORD,511038,,,,,,
253,PQVV-18-146,146,28,129,10,A2/A2,,,,292,PQVV-16-14,,HKYM-16-36,,,,,,
255,PQVV-14-46,183,55,185,62,A1/A1,,,08 Sep 2020,330,HJTQ-09-5,ARKANS PROMOTER,510003,,,,,,
257,PQVV-17-41,219,52,306,42,A2/A2,,,,,PQVV-12-86,LYNBROOK GG QUICKSILVER,312059,,,,,,
258,MRFT-15-68,164,55,336,64,A1/A2,,,,,PKTY-11-41,UPLAND PARK HTA MALI S3J,310047,,,,,,
261,WTNG-17-68,143,52,150,42,A1/A2,,,26 Aug 2020,,WTNG-12-22,ARKANS BEAUT ET,511026,,,,,,
263,WTNG-14-20,169,57,303,67,A1/A2,,,,,BNQX-04-15,HOWIES CHECKPOINT,508077,,,,,,
266,MQVR-16-53,176,53,158,54,A1/A2,,,,,HJTQ-11-380,BOURKES LRT RIPPER,311044,,,,,,
267,PQVV-17-34,254,53,321,42,A2/A2,,,13 Sep 2020,,PQVV-13-52,OKURA LT INTEGRITY,311013,,,,,,
269,MQVR-12-19,183,57,167,73,A1/A2,,,,,HJTQ-08-598,ARKANS BLOCKBUSTER,511028,,,,,,
273,MQVR-17-26,213,52,202,42,A1/A2,,,01 Sep 2020,,HJTQ-07-233,OKURA LT INTEGRITY,311013,,,,,,
276,PQVV-17-54,145,41,126,38,A2/A2,,,01 Sep 2020,,,WILLAND LT DYNAMO,311029,,,,,,
277,MQVR-14-9,164,57,183,68,A1/A2,,,,,HJTQ-03-240,HOWIES CHECKPOINT,508077,,,,,,
279,MRFT-14-27,87,58,129,68,A1/A2,,,18 Aug 2020,,GDQD-04-62,CUTFORTHS LORD BRIAN,506063,,,,,,
282,PQVV-18-52,142,41,172,15,A2/A2,,,,388,MRFT-14-13,FICHTL 5-STAR SULTAN S3J,313040,,,,,,
286,PQWH-18-58,70,35,62,13,A2/A2,,,,,HJTQ-12-120,BELLS CM CONRAD S2J,312057,,,,,,
290,PQVV-18-76,176,34,205,12,A2/A2,,,,398,WTNG-15-72,BONACORD MURMUR BOLT,313016,,,,,,
292,PQVV-16-14,146,56,-37,60,A1/A2,,,10 Sep 2020,,MRFT-09-92,LYNBROOK TERRIFIC ET S3J,309084,,,,,,
297,MRFT-14-4,85,53,-75,67,,,,24 Aug 2020,,HJTQ-06-448,ANNALYSER,509116,,,,,,
300,MRFT-14-45,122,32,180,60,A1/A2,,,,,HKYM-12-182,,,,,,,,
304,HJTQ-11-16,128,56,98,73,A1/A2,,,05 Sep 2020,,HJTQ-07-1,SHEPHERDS ML STARLIGHT ET,306107,,,,,,
308,HKYM-18-72,157,41,150,15,A2/A2,,,,,PQVV-15-29,FICHTL 5-STAR SULTAN S3J,313040,,,,,,
310,PQWH-16-17,152,54,224,59,,,,12 Sep 2020,,HJTQ-11-241,BOURKES LRT RIPPER,311044,,,,,,
313,PQVV-13-37,155,57,181,70,A1/A2,,,09 Sep 2020,,HJTQ-09-331,ARKANS PROMOTER,510003,,,,,,
315,PQWH-18-15,196,42,198,15,A2/A2,,,,,HJTQ-13-88,BONACORD MURMUR BOLT,313016,,,,,,
316,MRFT-14-26,130,56,195,68,A1/A1,,,11 Sep 2020,,MQVR-08-72,MATAKURI ATLANTIS,509004,,,,,,
318,MQVR-16-30,210,56,118,59,A1/A2,,,06 Sep 2020,,MQVR-13-11,LYNBROOK TERRIFIC ET S3J,309084,,,,,,
319,PQWH-17-99,186,51,163,41,,,,,,MQVR-14-30,OKURA GOLDIE INDEX,312034,,,,,,
322,MRFT-17-110,241,51,294,41,A1/A2,,,12 Sep 2020,,MRFT-14-83,OKURA LT INTEGRITY,311013,,,,,,
323,WTNG-17-51,182,53,209,42,A1/A2,,,,,WTNG-14-44,ARKANS BEAUT ET,511026,,,,,,
325,MQVR-15-55,169,50,167,55,A1/A2,,,,,MQVR-12-43,PUKEROA TGM MANZELLO,308533,,,,,,
326,MQVR-18-2,14,0,19,0,,,,,,,,,,,,,,
327,PQVV-16-35,201,53,198,59,A1/A2,,,15 Sep 2020,,HJTQ-11-87,WILLAND LT DYNAMO,311029,,,,,,
329,PQVV-15-44,73,31,-50,53,A1/A2,,,11 Sep 2020,,HJTQ-07-171,HILLSTAR LOT JESTER S3J,308128,,,,,,
330,HJTQ-09-5,128,61,223,76,A1/A1,,,,,HJTQ-04-350,LYNBROOK TRADEMARK S3J,305055,,,,,,
333,PQVV-18-93,189,41,178,14,A2/A2,,,,,HJTQ-11-28,OKURA OLM KAINO ET,313046,,,,,,
334,WTNG-14-28,178,58,255,67,,,,13 Sep 2020,,MQVR-08-3,HOWIES CHECKPOINT,508077,,,,,,
335,PQVV-17-19,171,52,241,42,A2/A2,,,,,MQVR-09-84,OKURA GOLDIE INDEX,312034,,,,,,
338,PQVV-12-54,146,56,214,72,A1/A2,,,03 Sep 2020,,MQVR-09-88,MATAHUI NOBLE,511006,,,,,,
339,MRFT-16-27,171,55,171,57,,,,,,HJTQ-10-495,LYNBROOK TERRIFIC ET S3J,309084,,,,,,
342,PQVV-12-84,100,57,155,71,A1/A2,,,16 Sep 2020,,HJTQ-00-77,WAIWIRA WARLORD,511038,,,,,,
343,MQVR-15-26,134,43,233,60,A1/A2,,,,97,MRFT-10-9,OKURA NN LURE,308508,,,,,,
344,WTNG-17-31,187,53,238,42,A1/A1,,,09 Sep 2020,,MRFT-10-1,ARKANS BEAUT ET,511026,,,,,,
346,MQVR-12-1,141,58,114,73,A1/A2,,,11 Sep 2020,,HJTQ-08-511,PAYNES PROPAGATOR,510014,,,,,,
348,PQVV-17-38,223,51,429,41,A1/A1,,,28 Aug 2020,,PQVV-12-51,OKURA LT INTEGRITY,311013,,,,,,
350,PQWH-17-9,202,51,216,41,,,,31 Aug 2020,,PQWH-14-31,BELLS CM CONRAD S2J,312057,,,,,,
352,PQVV-14-81,108,55,171,66,A1/A2,,,28 Aug 2020,,HJTQ-11-72,CUTFORTHS LORD BRIAN,506063,,,,,,
355,HJTQ-08-418,77,57,105,75,A1/A2,,,03 Sep 2020,,HJTQ-04-9,SHEPHERDS NOONTIME,301025,,,,,,
356,PQWH-18-33,199,42,216,15,A2/A2,,,,,HJTQ-14-87,FICHTL 5-STAR SULTAN S3J,313040,,,,,,
357,MRFT-14-104,124,55,105,68,A1/A2,,,,,MRFT-11-66,CUTFORTHS LORD BRIAN,506063,,,,,,
358,MRFT-14-112,140,52,278,66,A1/A2,,,,,MRFT-11-51,CUTFORTHS LORD BRIAN,506063,,,,,,
371,PQVV-16-23,197,55,205,59,A2/A2,,,13 Sep 2020,,HJTQ-07-95,BOURKES LRT RIPPER,311044,,,,,,
372,WTNG-17-37,195,54,171,42,A1/A1,,,12 Sep 2020,,WTNG-12-59,ARKANS BEAUT ET,511026,,,,,,
374,PQVV-16-36,222,54,381,59,A2/A2,,,,,HJTQ-11-10,WILLAND LT DYNAMO,311029,,,,,,
377,MRFT-13-31,134,56,125,71,A1/A1,,,15 Sep 2020,,FTWV-04-16,MALROSE MAJESTY,510022,,,,,,
379,MRFT-12-68,27,53,115,71,A1/A2,,,18 Aug 2020,,MRFT-07-8,PUKETAI BRAVEHEART,510023,,,,,,
382,MRFT-16-5,163,49,143,57,,,,03 Sep 2020,,MRFT-12-122,OKURA LT INTEGRITY,311013,,,,,,
383,PQVV-16-44,179,49,175,56,A2/A2,,,,,HJTQ-10-98,WILLAND LT DYNAMO,311029,,,,,,
385,MQVR-16-48,193,56,124,58,A1/A2,,,,,MQVR-13-48,LYNBROOK TERRIFIC ET S3J,309084,,,,,,
386,MRFT-14-51,183,51,335,66,A1/A1,,,15 Sep 2020,,HJTQ-08-222,AMBROSE SUPER STAN,509047,,,,,,
387,PQVV-18-12,196,44,225,15,A2/A2,,,,,HJTQ-10-160,OKURA GOLDIE INDEX,312034,,,,,,
388,MRFT-14-13,107,56,144,66,A1/A2,,,15 Sep 2020,,MQVR-08-12,CUTFORTHS LORD BRIAN,506063,,,,,,
389,MQVR-15-33,156,56,83,64,A1/A2,,,09 Sep 2020,,HJTQ-11-355,PUKEROA TGM MANZELLO,308533,,,,,,
395,MRFT-14-94,163,57,206,67,,,,14 Sep 2020,,MRFT-09-12,HOWIES CHECKPOINT,508077,,,,,,
397,PQVV-16-43,162,54,33,57,A2/A2,,,14 Sep 2020,,HJTQ-11-61,WILLAND LT DYNAMO,311029,,,,,,
402,PQVV-14-2,118,56,93,65,A1/A2,,,11 Sep 2020,,HJTQ-04-147,ANNALYSER,509116,,,,,,
405,PQWH-18-38,119,43,111,15,A2/A2,,,,,HJTQ-10-291,BELLS CM CONRAD S2J,312057,,,,,,
410,PQVV-13-8,208,57,236,71,A1/A2,,,,,HJTQ-08-509,HOWIES CHECKPOINT,508077,,,,,,
413,MRFT-14-73,147,55,262,67,A1/A2,,,30 Aug 2020,,MRFT-10-60,HOWIES CHECKPOINT,508077,,,,,,
415,MRFT-14-68,110,56,335,68,A1/A2,,,09 Sep 2020,,MRFT-10-7,CUTFORTHS LORD BRIAN,506063,,,,,,
417,WTNG-15-44,175,54,294,63,A1/A2,,,,,WTNG-12-27,WESTWARD HO BULLSEYE,310040,,,,,,
421,MRFT-15-82,154,51,230,61,,,,,,PKTY-11-58,KELLAND KC SPEEDWAY,309012,,,,,,
425,MRFT-14-110,72,35,3,60,A1/A1,,,17 Aug 2020,,HJTQ-06-275,,,,,,,,
426,PQVV-16-55,239,54,267,59,A2/A2,,,10 Sep 2020,,PQVV-13-13,OKURA LT INTEGRITY,311013,,,,,,
427,MRFT-14-93,96,59,169,69,A1/A1,,,13 Sep 2020,,LPPT-04-28,HOWIES CHECKPOINT,508077,,,,,,
429,PQVV-16-29,170,54,188,59,A1/A2,,,02 Sep 2020,,MQVR-09-2,WILLAND LT DYNAMO,311029,,,,,,
430,PQVV-16-65,238,54,275,57,A2/A2,,,15 Sep 2020,,PQVV-13-84,LYNBROOK TERRIFIC ET S3J,309084,,,,,,
434,PQVV-14-59,150,54,169,66,A1/A2,,,,,HJTQ-11-97,WERDERS EXCELLENCE,509025,,,,,,
437,MRFT-15-36,208,54,324,63,A1/A1,,,30 Aug 2020,,HJTQ-06-3,HILLSTAR LOT JESTER S3J,308128,,,,,,
440,MQVR-16-54,229,54,262,59,A1/A2,,,24 Aug 2020,,HJTQ-12-90,OKURA LT INTEGRITY,311013,,,,,,
441,PQVV-16-45,140,53,217,58,A2/A2,,,,,HJTQ-10-465,SOUTH LAND JERICHO ET S3J,311019,,,,,,
442,WTNG-14-63,156,57,250,68,A1/A2,,,,,MQVR-09-26,HOWIES CHECKPOINT,508077,,,,,,
444,PQVV-18-71,241,44,281,16,A2/A2,,,,246,MRFT-14-6,OKURA GOLDIE INDEX,312034,,,,,,
445,MRFT-12-45,139,60,204,73,A2/A2,,,15 Sep 2020,,FPLG-04-37,HOWIES CHECKPOINT,508077,,,,,,
448,MQVR-09-59,150,56,78,74,A2/A2,,,31 Aug 2020,,FPLG-04-112,DONALDS EDIFY,304132,,,,,,
449,MRFT-09-73,167,60,154,76,A1/A2,,,,,HJTQ-06-115,DONALDS EDIFY,304132,,,,,,
450,PQVV-16-48,177,54,147,59,A2/A2,,,14 Sep 2020,18,PQVV-13-53,WILLAND LT DYNAMO,311029,,,,,,
451,MQVR-16-33,183,55,198,59,A1/A2,,,08 Sep 2020,,HJTQ-10-11,BOURKES LRT RIPPER,311044,,,,,,
454,MQVR-16-20,174,55,244,59,A1/A2,,,04 Sep 2020,6,MQVR-13-22,KELLAND KC SPEEDWAY,309012,,,,,,
457,PQVV-16-39,161,53,164,58,A1/A2,,,02 Sep 2020,,PQVV-13-92,SOUTH LAND JERICHO ET S3J,311019,,,,,,
460,HJTQ-16-50,154,53,162,58,A2/A2,,,13 Sep 2020,,HJTQ-13-15,SOUTH LAND JERICHO ET S3J,311019,,,,,,
462,HJTQ-16-53,230,53,296,59,A2/A2,,,,,HJTQ-11-379,WILLAND LT DYNAMO,311029,,,,,,
467,MRFT-17-104,224,51,181,41,A1/A1,,,,,HKYM-12-28,OKURA LT INTEGRITY,311013,,,,,,
469,WTNG-17-57,168,51,152,41,A1/A2,,,,,WTNG-13-35,ARKANS INSTIGATOR,512051,,,,,,
470,HJTQ-17-68,108,20,154,31,,,,30 Aug 2020,,HJTQ-12-65,WILLAND LT DYNAMO,311029,,,,,,
472,PQVV-17-21,163,42,53,38,A2/A2,,,06 Sep 2020,,,LYNBROOK GG QUICKSILVER,312059,,,,,,
474,HJTQ-11-123,125,56,80,71,,,,04 Sep 2020,,HJTQ-07-135,BOURKES NN RPM ET,307026,,,,,,
475,PQVV-17-24,150,43,135,38,A2/A2,,,11 Sep 2020,,,CHARDONNAY FRANKIE,312014,,,,,,
477,PQVV-17-10,194,52,114,41,A2/A2,,,,,PQVV-13-13,OKURA GOLDIE INDEX,312034,,,,,,
481,PQWH-18-87,128,35,140,13,A2/A2,,,,,HJTQ-15-88,FICHTL 5-STAR SULTAN S3J,313040,,,,,,
482,PQVV-17-36,231,51,262,41,A2/A2,,,,,PQVV-14-14,OKURA GOLDIE INDEX,312034,,,,,,
484,WTNG-17-59,133,51,205,41,A1/A2,,,,,WTNG-14-31,ARKANS INSTIGATOR,512051,,,,,,
485,PQVV-12-75,137,57,204,71,A1/A2,,,,,HJTQ-07-46,ALCAMENO DUPLEX ET,511010,,,,,,
486,PQVV-18-114,226,42,255,15,A2/A2,,,,118,PQVV-15-17,OKURA GOLDIE INDEX,312034,,,,,,
491,PQVV-18-54,207,42,210,15,A2/A2,,,,,MQVR-14-13,OKURA OLM KAINO ET,313046,,,,,,
496,MQVR-18-39,226,42,234,15,,,,,,MQVR-14-21,BONACORD MURMUR BOLT,313016,,,,,,
505,PQVV-12-3,144,57,95,71,A1/A2,,,,,HJTQ-05-329,ST PETERS OBSIDIAN,510016,,,,,,
508,MRFT-13-40,75,38,207,65,A1/A1,,,,,HJTQ-06-204,REYLANDS NAVIGATOR,512031,,,,,,
539,PQVV-12-35,126,57,180,72,A1/A2,,,,,HJTQ-07-466,PAYNES PROPAGATOR,510014,,,,,,